-- mysqldump-php https://github.com/ifsnop/mysqldump-php
--
-- Host: localhost	Database: cpesd_is_backup
-- ------------------------------------------------------
-- Server version 	5.5.5-10.4.19-MariaDB
-- Date: Mon, 07 Aug 2023 08:10:29 +0000

/*!40101 SET @OLD_CHARACTER_SET_CLIENT=@@CHARACTER_SET_CLIENT */;
/*!40101 SET @OLD_CHARACTER_SET_RESULTS=@@CHARACTER_SET_RESULTS */;
/*!40101 SET @OLD_COLLATION_CONNECTION=@@COLLATION_CONNECTION */;
/*!40101 SET NAMES utf8 */;
/*!40103 SET @OLD_TIME_ZONE=@@TIME_ZONE */;
/*!40103 SET TIME_ZONE='+00:00' */;
/*!40101 SET @OLD_AUTOCOMMIT=@@AUTOCOMMIT */;
/*!40014 SET @OLD_UNIQUE_CHECKS=@@UNIQUE_CHECKS, UNIQUE_CHECKS=0 */;
/*!40014 SET @OLD_FOREIGN_KEY_CHECKS=@@FOREIGN_KEY_CHECKS, FOREIGN_KEY_CHECKS=0 */;
/*!40101 SET @OLD_SQL_MODE=@@SQL_MODE, SQL_MODE='NO_AUTO_VALUE_ON_ZERO' */;
/*!40111 SET @OLD_SQL_NOTES=@@SQL_NOTES, SQL_NOTES=0 */;

--
-- Table structure for table `activity_logs`
--

/*!40101 SET @saved_cs_client     = @@character_set_client */;
/*!40101 SET character_set_client = utf8 */;
CREATE TABLE `activity_logs` (
  `activity_log_id` int(50) unsigned NOT NULL AUTO_INCREMENT,
  `user_id` int(20) NOT NULL,
  `action` tinytext NOT NULL,
  `activity_log_created` datetime NOT NULL,
  PRIMARY KEY (`activity_log_id`)
) ENGINE=InnoDB DEFAULT CHARSET=utf8;
/*!40101 SET character_set_client = @saved_cs_client */;

--
-- Dumping data for table `activity_logs`
--

LOCK TABLES `activity_logs` WRITE;
/*!40000 ALTER TABLE `activity_logs` DISABLE KEYS */;
SET autocommit=0;
/*!40000 ALTER TABLE `activity_logs` ENABLE KEYS */;
UNLOCK TABLES;
COMMIT;

-- Dumped table `activity_logs` with 0 row(s)
--

--
-- Table structure for table `cso`
--

/*!40101 SET @saved_cs_client     = @@character_set_client */;
/*!40101 SET character_set_client = utf8 */;
CREATE TABLE `cso` (
  `cso_id` int(50) unsigned NOT NULL AUTO_INCREMENT,
  `cso_code` varchar(50) NOT NULL,
  `cso_name` varchar(150) NOT NULL,
  `purok_number` varchar(50) NOT NULL,
  `barangay` varchar(150) NOT NULL,
  `contact_person` varchar(100) NOT NULL,
  `contact_number` varchar(50) NOT NULL,
  `telephone_number` varchar(50) NOT NULL,
  `email_address` varchar(50) NOT NULL,
  `type_of_cso` enum('PO','Coop','NSC') NOT NULL,
  `cso_status` enum('active','inactive') NOT NULL DEFAULT 'active',
  `cor` varchar(150) NOT NULL,
  `bylaws` varchar(200) NOT NULL,
  `aoc/aoi` varchar(200) NOT NULL,
  `other_docs` varchar(200) NOT NULL,
  `cso_created` datetime NOT NULL,
  PRIMARY KEY (`cso_id`)
) ENGINE=InnoDB AUTO_INCREMENT=147 DEFAULT CHARSET=utf8;
/*!40101 SET character_set_client = @saved_cs_client */;

--
-- Dumping data for table `cso`
--

LOCK TABLES `cso` WRITE;
/*!40000 ALTER TABLE `cso` DISABLE KEYS */;
SET autocommit=0;
INSERT INTO `cso` VALUES (1,'001','Apil Farmers Association','','Apil','','09','','','PO','active','','','','','2023-04-27 17:09:53'),(2,'002','Apil Peace-Building Mission Association','','Apil','','09','','','PO','active','','','','','2023-04-27 18:17:42'),(3,'005','Bolibol Farmers Association','','Bolibol','','09','','','PO','active','','','','','2023-04-27 18:31:18'),(4,'006 ','Buenavista Farmers Association','','Buenavista','','09','','','PO','active','','','','','2023-04-27 18:43:03'),(5,'007','Buntawan Farmers Association','','Buenavista','','09','','','PO','active','','','','','2023-04-27 18:43:47'),(6,'008','Burgos Livelihood Association','','Burgos','','09','','','PO','active','','','','','2023-04-27 18:44:24'),(7,'009','Camubay Fishermens Association','','Canubay','','09','','','PO','active','','','','','2023-04-27 18:45:27'),(8,'010','Canubay Dried Squid Association','','Canubay','','09','','','PO','active','','','','','2023-04-27 18:46:03'),(9,'011','Clarin Settlement Producers Association','','Clarin Settlement','','09','','','PO','active','','','','','2023-04-27 18:49:27'),(10,'012','Dolipos Alto Vegetables Growers Association','','Dolipos Alto','','09','','','PO','active','','','','','2023-04-27 18:50:17'),(11,'013','Dolipos Bajo Farmers Association','','Dolipos Bajo','','09','','','PO','active','','','','','2023-04-27 18:51:43'),(12,'014','Dullan Sur Farmers Association','','Dullan Sur','','09','','','PO','active','','','','','2023-04-27 18:52:50'),(13,'016','Lower Lancangan Livelihood Women Association','','Lower Langcangan','','09','','','PO','active','','','','','2023-04-27 18:56:38'),(14,'017','Mobod Coastal Tourism Association','','Mobod','','09','','','PO','active','','','','','2023-04-27 18:58:05'),(15,'024','Paypayan Farmers Association','','Paypayan','','09','','','PO','active','','','','','2023-04-27 20:16:27'),(16,'025','San Vicente Bajo Fisherman Association','','San Vicente Bajo','','09','','','PO','active','','','','','2023-04-27 20:17:03'),(17,'026','Senote Livelihood Association','','Senote','','09','','','PO','active','','','','','2023-04-27 20:17:59'),(18,'027','Taboc Norte Fisherfolks Association','','Taboc Norte','','09','','','PO','active','','','','','2023-04-27 20:18:49'),(19,'028','Talairon Livelihood Association','','Talairon','','09','','','PO','active','','','','','2023-04-27 20:19:48'),(20,'029','Talic Farmers Association','','Talic','','09','','','PO','active','','','','','2023-04-27 20:20:15'),(21,'030','Tipan Consumers Association','','Tipan','','09','','','PO','active','','','','','2023-04-27 20:20:47'),(22,'031','Tipan Fisherfolks Association','','Tipan','','09','','','PO','active','','','','','2023-04-27 20:22:00'),(23,'035','Dullan Sur Womens Association','','Dullan Sur','','09','','','PO','active','','','','','2023-04-27 20:23:12'),(24,'037','Binuangan Cutflower Growers Association','','Binuangan','','09','','','PO','active','','','','','2023-04-27 20:24:05'),(25,'039','Villaflor Swine Raisers Association','','Villaflor','','09','','','PO','active','','','','','2023-04-27 20:24:43'),(26,'047','Senote Women\'s Association','','Senote','','09','','','PO','active','','','','','2023-04-27 20:25:58'),(27,'048','Dolipos Bajo Women\'s Association','','Dolipos Bajo','','09','','','PO','active','','','','','2023-04-27 20:26:36'),(28,'049','Dulapo Fisherfolks Association','','Dulapo','','09','','','PO','active','','','','','2023-04-27 20:27:09'),(29,'053','Pines Nursery Association','','Pines','','09','','','PO','active','','','','','2023-04-27 20:28:51'),(30,'054','Clarin Settlement Corn Dream Growers Association','','Clarin Settlement','','09','','','PO','active','','','','','2023-04-27 20:29:45'),(31,'055','Pines Fishermans Association','','Pines','','09','','','PO','active','','','','','2023-04-27 20:30:38'),(32,'056','Taboc Sur Fishermens Association','','Taboc Sur','','09','','','PO','active','','','','','2023-04-27 20:31:28'),(33,'057','Mobod Fisherfolks Association','','Mobod','','09','','','PO','active','','','','','2023-04-27 20:32:17'),(34,'060','Womens Association of Brgy. Buenavista','','Buenavista','','09','','','PO','active','','','','','2023-04-27 20:33:19'),(35,'061','Tipan Fisherpods Association','','Tipan','','09','','','PO','active','','','','','2023-04-27 20:34:02'),(36,'062','Toliyok Womens Association','','Toliyok','','09','','','PO','active','','','','','2023-04-27 20:34:42'),(37,'063','Tipan Crop Growers Association','','Tipan','','09','','','PO','active','','','','','2023-04-27 20:35:34'),(38,'067','Poblacion 1 Motorcab Owners & Drivers Association','','Poblacion 1','','09','','','PO','active','','','','','2023-04-27 20:37:28'),(39,'069','Tuyabang Alto Womens Association','','Tuyabang Alto','','09','','','PO','active','','','','','2023-04-27 20:39:06'),(40,'073','Barangay Bolibol Womens Association','','Bolibol','','09','','','PO','active','','','','','2023-04-27 20:40:04'),(41,'078','Poblacion I Fisherfolks Association, Inc','','Poblacion 1','','09','','','PO','active','','','','','2023-04-27 20:41:30'),(42,'082','Bunga Child Labor Association','','Bunga','','09','','','PO','active','','','','','2023-04-27 20:42:21'),(43,'084','Upper Lamac Water Consumers Association','','Upper Lamac','','09','','','PO','active','','','','','2023-04-27 20:43:09'),(44,'089','Dolipos Alto Farmers Association','','Dolipos Alto','','09','','','PO','active','','','','','2023-04-27 20:44:28'),(45,'092','Malindang Farmers Association','','Malindang','','09','','','PO','active','','','','','2023-04-27 20:45:09'),(46,'093','Talairon Womens Association','','Talairon','','09','','','PO','active','','','','','2023-04-27 20:45:41'),(47,'095','Tipan-Parents-Children Association','','Tipan','','09','','','PO','active','','','','','2023-04-27 20:47:06'),(49,'004','Lower Loboc Women\'s Livelihood Association ','','Lower Loboc','','09','','','PO','active','','','','','2023-06-29 05:12:09'),(50,'003','Badjao Association for Poverty Alleviation','','','','09','','','','active','','','','','2023-04-27 21:33:07'),(51,'015','Jasys Workers Association','','','','09','','','','active','','','','','2023-04-27 21:33:44'),(52,'018','Oroquieta Bus Terminal Vendors Association','','','','09','','','PO','active','','','','','2023-04-27 21:34:44'),(53,'019','Oroquieta City Balot Vendors Association','','','','09','','','PO','active','','','','','2023-04-27 21:35:46'),(54,'020','Oroquieta City Sidewalk Vendors Association','','','','09','','','PO','active','','','','','2023-04-27 21:36:25'),(55,'021','Oroquieta City Sikad Operators & Drivers Association','','','','09','','','PO','active','','','','','2023-04-27 21:37:10'),(56,'022','Oroquieta Flower Garden Association','','','','09','','','PO','active','','','','','2023-04-27 21:38:00'),(57,'023','Oroquieta Goldenhands for Health & Welness Association , Inc','','','','09','','','PO','active','','','','','2023-04-27 21:38:48'),(58,'032','Upper Rizal Small Coconut Farmers Organization','','','','09','','','','active','','','','','2023-04-27 21:39:23'),(59,'033','Verdant Hills Farmers Association','','','','09','','','','active','','','','','2023-04-27 21:39:53'),(60,'034','Binuangan Small Coconut Farmers Organization','','Binuangan','','09','','','','active','','','','','2023-04-27 21:40:45'),(61,'036','Oroquieta Public Market Laborers Association','','','','09','','','PO','active','','','','','2023-04-27 21:41:35'),(62,'038','Federated Womens Organization','','','','09','','','PO','active','','','','','2023-04-27 21:42:47'),(63,'040','Bunotex Employees Livelihood & Industrial Project Association','','','','09','','','','active','','','','','2023-04-27 21:44:00'),(64,'041','Purok 1 Mabinati-on Association','','','','09','','','PO','active','','','','','2023-04-27 21:44:59'),(65,'042','Brgy. Tipan Leader Organization','','','','09','','','','active','','','','','2023-04-27 21:45:33'),(66,'043','','','','','09','','','','active','','','','','2023-04-27 21:46:07'),(67,'044','New Alliance for Good Oroquieta','','','','09','','','','active','','','','','2023-04-27 21:46:32'),(68,'045','Oroquieta City People\'s Alliance for Progress','','','','09','','','','active','','','','','2023-04-27 21:47:18'),(69,'046','Oroquieta City People\'s Organization for Livelihood Program','','','','09','','','','active','','','','','2023-04-27 21:47:57'),(70,'050','Pamilya Uswag Gugma Alang sa Tanan Association','','','','09','','','PO','active','','','','','2023-04-27 21:55:49'),(71,'051','Oroquieta City Agrarian Reform Beneficiaries Association','','','','09','','','PO','active','','','','','2023-04-27 21:56:48'),(72,'052','Oroquieta City Cutflowers Growers & Vendors Association','','','','09','','','PO','active','','','','','2023-04-27 21:58:02'),(73,'058','Manuel L. Quezon Port Employees & Fisherman Association','','','','09','','','PO','active','','','','','2023-04-27 21:58:49'),(74,'059','Dagatan Fisherman Association','','','','09','','','PO','active','','','','','2023-04-27 21:59:22'),(75,'064','Community Participation Action Research Farmers Association','','','','09','','','PO','active','','','','','2023-04-27 22:00:32'),(76,'065','Association of Bantay Dangan Volunteers','','','','09','','','PO','active','','','','','2023-04-27 22:01:06'),(77,'066','Oroquieta City Community Affairs for Reform & Development Programs','','','','09','','','','active','','','','','2023-04-27 22:02:03'),(78,'068','Oroquieta Halang Halang Vendors Association','','','','09','','','PO','active','','','','','2023-04-27 22:02:49'),(79,'070','Oroquieta City Downtown Express Association','','','','09','','','PO','active','','','','','2023-04-27 22:03:35'),(80,'071','Womens in Government Service Association of Oroquieta City , Inc.','','','','09','','','PO','active','','','','','2023-04-27 22:04:32'),(81,'072','Goodlife Rubber Producers Association','','','','09','','','PO','active','','','','','2023-04-27 22:05:04'),(82,'074','Youth Leadership Program - Oroquieta City Youth Group Inc.','','','','09','','','','active','','','','','2023-04-27 22:06:12'),(83,'075','Mialen, Toliyok , Bunga, Sebucal, Villaflor, Clarin Settlement(MITOBUSVIC)','','','','09','','','','active','','','','','2023-04-27 22:07:40'),(84,'076','Federation of Senior Citizens of Oroquieta City, Inc.','','','','09','','','','active','','','','','2023-04-27 22:08:35'),(85,'077','Oroquieta Town Center Stall Owners Association, Inc','','','','09','','','PO','active','','','','','2023-04-27 22:09:32'),(86,'079','Misamis Occidental Mangrove Management Association Inc.','','','','09','','','PO','active','','','','','2023-04-27 22:10:22'),(87,'080','Tuyabang Alto Small Coconut Farmers Organization','','Tuyabang Alto','','09','','','','active','','','','','2023-04-27 22:11:06'),(88,'081','Oroquieta City Coconut Farmers Association','','','','09','','','PO','active','','','','','2023-04-27 22:11:51'),(89,'083','Organization of Quarista in Barangay Toliok','','Toliyok','','09','','','','active','','','','','2023-04-27 22:12:37'),(90,'085','Lumad nga Mag-uuma sa Sebucal Inc','','Sebucal','','09','','','','active','','','','','2023-04-27 22:13:27'),(91,'086','Oroquieta City Bamboocraft Producers Association','','','','09','','','PO','active','','','','','2023-04-27 22:14:06'),(92,'087','Toliyok-Senote-Villaflor Community Swine Raisers Association','','','','09','','','PO','active','','','','','2023-04-27 22:15:38'),(93,'088','Oroquieta City Differently Abled Person Association, Inc','','','','09','','','PO','active','','','','','2023-04-27 22:18:31'),(94,'090','','','','','09','','','','active','','','','','2023-04-27 22:18:45'),(95,'091','Oroquieta City Community Volunteer Health Workers Association Inc','','','','09','','','PO','active','','','','','2023-04-27 22:19:29'),(96,'096','City Plaza Vendors Association','','','','09','','','PO','active','','','','','2023-04-27 22:21:55'),(97,'097','Association of Building Officials of Misamis Occidental Inc.','','','','09','','','PO','active','','','','','2023-04-27 22:22:30'),(98,'098','Hugpong sa mga Barangay of Oroquieta City Inc.','','','','09','','','','active','','','','','2023-04-27 22:34:30'),(99,'099','Misamis Occidental Tourism Officers Association, Inc','','','','09','','','PO','active','','','','','2023-04-27 22:35:18'),(100,'100','Caluya Floating Cottage Operators Association, Inc','','','','09','','','PO','active','','','','','2023-04-27 22:36:07'),(101,'101','Association of Barangay Captain of Sapang Dalaga Inc.','','','','09','','','PO','active','','','','','2023-04-27 22:37:44'),(102,'102','Magapangi Irrigators Association for Sustainable Livelihood Inc','','','','09','','','','active','','','','','2023-04-27 22:39:19'),(103,'103','Kausaban, Ampingan, Ugmaron, Batukan, ang Naagian (KAUBAN) Association','','','','09','','','','active','','','','','2023-04-27 22:40:18'),(104,'104','Carrer Advocates and Public Employment Service Officers of Misamis Occidental','','','','09','','','','active','','','','','2023-04-27 22:41:14'),(105,'105','Kuyog(Kalisud Sulbaron, Uswagon ang Kinabuhi, Yawi sa Panginabuhi, Otung sa Buh)','','','','09','','','','active','','','','','2023-04-27 22:42:31'),(106,'106','Naghiusang Lumad nga Mag-uuma sa Sebucal','','','','09','','','','active','','','','','2023-04-27 22:43:09'),(107,'107','Association of Coco Pilots of Oroquieta City','','','','09','','','PO','active','','','','','2023-04-27 22:43:42'),(108,'108','Oroquieta City Tennis Club Inc.','','','','09','','','','active','','','','','2023-04-27 22:44:04'),(109,'109','Talic Livelihood Association','','Talic','','09','','','PO','inactive','','','','','2023-05-10 05:42:17'),(110,'110','Service Advocates and Volunteers for Environment(SAVE)','','','','09','','','','active','','','','','2023-04-27 22:49:21'),(111,'111','Meat Vendors Association','','','','09','','','PO','active','','','','','2023-04-27 22:49:41'),(112,'112','Music Enthusiasts Club in Oroquieta ','','','','09','','','','inactive','','','','','2023-04-27 22:50:41'),(113,'113','Dolipos  Bajo Panginabuhian Association ','','Dolipos Bajo','','09','','','PO','active','','','','','2023-05-18 13:22:41'),(114,'114','Binuangan Farmers MPC','','','','09','','','Coop','active','','','','','2023-06-02 13:34:45'),(115,'115','Builders Credit & Savings Coop','','','','09','','','Coop','active','','','','','2023-06-02 13:35:12'),(116,'116','Cocogold Employees MPC','','','','09','','','Coop','active','','','','','2023-06-02 13:35:33'),(117,'117','Clurcivicta ARC MPC','','','','09','','','','active','','','','','2023-06-02 13:35:43'),(118,'118','Coop\'s for Christ','','','','09','','','Coop','active','','','','','2023-06-02 13:35:52'),(119,'119','Dullan Norte ARC MPC','','','','09','','','Coop','active','','','','','2023-06-02 13:36:23'),(120,'120','Holy Rosary Basic Ecclesial Community MPC (HRBEC MPC)','','','','09','','','Coop','active','','','','','2023-06-02 13:36:46'),(121,'121','Kaabag sa Katawhan alang sa Kalamboan Farmers  Coop','','','','09','','','Coop','active','','','','','2023-06-02 13:36:54'),(122,'122','Kaabay Savings & Credit Cooperatives','','','','09','','','Coop','active','','','','','2023-06-02 13:37:04'),(123,'123','KBGAN Marketing Cooperative','','','','09','','','','active','','','','','2023-06-02 13:37:11'),(124,'124','Lorenzo Tan MPC - Oroquieta City Branch','','','','09','','','','active','','','','','2023-06-02 13:37:22'),(125,'125','Misamis Occidental Employees Cooperative (MOEMCO)','','','','09','','','','active','','','','','2023-06-02 13:37:34'),(126,'126','Misamis Occidental GoldenTransport Service Coop','','','','09','','','Coop','active','','','','','2023-06-02 13:37:49'),(127,'127','MONHS MPC','','','','09','','','Coop','active','','','','','2023-06-02 13:37:59'),(128,'128','OAIS Family MPC','','','','09','','','Coop','active','','','','','2023-06-02 13:38:13'),(129,'129','Oroquieta City Agricultural Cooperative','','','','09','','','Coop','active','','','','','2023-06-02 13:38:25'),(130,'130','Oroquieta City Barangay Self-Sufficiency Program Integrated Cooperative','','','','09','','','Coop','active','','','','','2023-06-02 13:38:35'),(131,'131','Oroquieta City Employees Cooperative (OCEMCO)','','','','09','','','Coop','active','','','','','2023-06-02 13:38:45'),(132,'132','Oroquieta City Producers Cooperative','','','','09','','','Coop','active','','','','','2023-06-02 13:38:59'),(133,'133','Oroquieta Community Integrated Cooperative (OCIC)','','','','09','','','Coop','active','','','','','2023-06-02 13:39:08'),(134,'134','Ozamiz-Oroquieta-Dipolog Transport Cooperative (OZORDITRANSCO)','','','','09','','','Coop','active','','','','','2023-06-02 13:39:16'),(135,'135','Tuyabang Alto ARC Cooperative','','','','09','','','Coop','active','','','','','2023-06-02 13:39:26'),(136,'136','Victoria Agriculture Cooperative  ','','','','09','','','Coop','active','','','','','2023-06-02 13:39:33'),(137,'137','Villa MTB ARC Cooperative','','','','09','','','Coop','active','','','','','2023-06-02 13:39:54'),(138,'138','Aurora Integrated MPC - Oroquieta Branch','','','','09','','','Coop','active','','','','','2023-06-02 13:40:06'),(139,'139','Consolidated Cooperative Bank','','','','09','','','Coop','active','','','','','2023-06-02 13:40:14'),(140,'140','First Community Cooperative - Oroquieta Branch','','','','09','','','Coop','active','','','','','2023-06-02 13:40:38'),(141,'141','Gata Daku MPC - Oroquieta City Branch','','','','09','','','','active','','','','','2023-06-02 13:40:49'),(142,'142','Iligan Dealers MPC - Oroquieta City Branch','','','','09','','','Coop','active','','','','','2023-06-02 13:41:05'),(143,'143','Paglaum MPC - Oroquieta City Branch','','','','09','','','','active','','','','','2023-06-02 13:41:17'),(144,'144','Sindangan Facoma Community MPC - Oroquieta City Branch','','','','09','','','Coop','active','','','','','2023-06-02 13:41:26'),(145,'145','Kapunungan ng mga Kababaihan','','Lower Rizal','','09','','','Coop','active','','','','','2023-06-05 17:13:49'),(146,'146','KAKAMPI ASSOCIATION','','Talairon','Nancy Sunugan','09','','','PO','active','','','','','2023-07-28 14:25:32');
/*!40000 ALTER TABLE `cso` ENABLE KEYS */;
UNLOCK TABLES;
COMMIT;

-- Dumped table `cso` with 145 row(s)
--

--
-- Table structure for table `cso_officers`
--

/*!40101 SET @saved_cs_client     = @@character_set_client */;
/*!40101 SET character_set_client = utf8 */;
CREATE TABLE `cso_officers` (
  `cso_officer_id` int(20) unsigned NOT NULL AUTO_INCREMENT,
  `position_number` int(10) NOT NULL,
  `cso_position` varchar(150) NOT NULL,
  `officer_cso_id` int(20) NOT NULL,
  `first_name` varchar(50) NOT NULL,
  `middle_name` varchar(50) NOT NULL,
  `last_name` varchar(50) NOT NULL,
  `extension` varchar(50) NOT NULL,
  `contact_number` varchar(50) NOT NULL,
  `email_address` varchar(50) NOT NULL,
  `cso_officer_created` datetime NOT NULL,
  PRIMARY KEY (`cso_officer_id`)
) ENGINE=InnoDB AUTO_INCREMENT=2 DEFAULT CHARSET=utf8;
/*!40101 SET character_set_client = @saved_cs_client */;

--
-- Dumping data for table `cso_officers`
--

LOCK TABLES `cso_officers` WRITE;
/*!40000 ALTER TABLE `cso_officers` DISABLE KEYS */;
SET autocommit=0;
INSERT INTO `cso_officers` VALUES (1,1,'President/BOD Chairperson/BOT-1',112,'sadsad','sad','aASD','SAD','09','DSFDSF@ASDASDSA','2023-05-12 02:27:28');
/*!40000 ALTER TABLE `cso_officers` ENABLE KEYS */;
UNLOCK TABLES;
COMMIT;

-- Dumped table `cso_officers` with 1 row(s)
--

--
-- Table structure for table `cso_project_implemented`
--

/*!40101 SET @saved_cs_client     = @@character_set_client */;
/*!40101 SET character_set_client = utf8 */;
CREATE TABLE `cso_project_implemented` (
  `cso_project_implemented_id` int(11) NOT NULL AUTO_INCREMENT,
  `project_cso_id` int(11) NOT NULL,
  `title_of_project` varchar(250) NOT NULL,
  `amount` float(10,2) NOT NULL,
  `year` date DEFAULT NULL,
  `funding_agency` varchar(250) NOT NULL,
  `status` set('inactive','active') NOT NULL,
  `cso_project_created` datetime NOT NULL,
  PRIMARY KEY (`cso_project_implemented_id`)
) ENGINE=InnoDB AUTO_INCREMENT=4 DEFAULT CHARSET=utf8mb4;
/*!40101 SET character_set_client = @saved_cs_client */;

--
-- Dumping data for table `cso_project_implemented`
--

LOCK TABLES `cso_project_implemented` WRITE;
/*!40000 ALTER TABLE `cso_project_implemented` DISABLE KEYS */;
SET autocommit=0;
INSERT INTO `cso_project_implemented` VALUES (1,0,'sadsad',121.12,'2023-05-11','sadsadsad asd','active','2023-05-10 14:57:35'),(2,0,'asdas',12.12,'2023-05-11','asdasd asdasd','active','2023-05-10 14:59:53'),(3,112,'sample11',12.13,'2023-05-11','asdasd','active','2023-05-10 15:01:07');
/*!40000 ALTER TABLE `cso_project_implemented` ENABLE KEYS */;
UNLOCK TABLES;
COMMIT;

-- Dumped table `cso_project_implemented` with 3 row(s)
--

--
-- Table structure for table `migrations`
--

/*!40101 SET @saved_cs_client     = @@character_set_client */;
/*!40101 SET character_set_client = utf8 */;
CREATE TABLE `migrations` (
  `id` bigint(20) unsigned NOT NULL AUTO_INCREMENT,
  `version` varchar(255) NOT NULL,
  `class` varchar(255) NOT NULL,
  `group` varchar(255) NOT NULL,
  `namespace` varchar(255) NOT NULL,
  `time` int(11) NOT NULL,
  `batch` int(11) unsigned NOT NULL,
  PRIMARY KEY (`id`)
) ENGINE=InnoDB DEFAULT CHARSET=utf8;
/*!40101 SET character_set_client = @saved_cs_client */;

--
-- Dumping data for table `migrations`
--

LOCK TABLES `migrations` WRITE;
/*!40000 ALTER TABLE `migrations` DISABLE KEYS */;
SET autocommit=0;
/*!40000 ALTER TABLE `migrations` ENABLE KEYS */;
UNLOCK TABLES;
COMMIT;

-- Dumped table `migrations` with 0 row(s)
--

--
-- Table structure for table `project_meeting`
--

/*!40101 SET @saved_cs_client     = @@character_set_client */;
/*!40101 SET character_set_client = utf8 */;
CREATE TABLE `project_meeting` (
  `meeting_transaction_id` int(11) NOT NULL,
  `meeting_present` int(50) NOT NULL,
  `meeting_absent` int(50) NOT NULL
) ENGINE=InnoDB DEFAULT CHARSET=utf8mb4;
/*!40101 SET character_set_client = @saved_cs_client */;

--
-- Dumping data for table `project_meeting`
--

LOCK TABLES `project_meeting` WRITE;
/*!40000 ALTER TABLE `project_meeting` DISABLE KEYS */;
SET autocommit=0;
INSERT INTO `project_meeting` VALUES (15,12,1),(20,12,0),(22,17,0),(24,3,0),(33,25,0),(36,16,4),(37,10,0),(42,50,0),(43,12,6),(45,26,0),(47,25,0),(50,28,0),(71,19,0),(73,15,0),(74,18,0),(76,17,6),(82,16,0),(83,23,0),(92,15,3),(94,8,0),(105,17,0),(108,19,0);
/*!40000 ALTER TABLE `project_meeting` ENABLE KEYS */;
UNLOCK TABLES;
COMMIT;

-- Dumped table `project_meeting` with 22 row(s)
--

--
-- Table structure for table `project_monitoring`
--

/*!40101 SET @saved_cs_client     = @@character_set_client */;
/*!40101 SET character_set_client = utf8 */;
CREATE TABLE `project_monitoring` (
  `project_monitoring_id` int(50) unsigned NOT NULL AUTO_INCREMENT,
  `project_transact_id` int(20) NOT NULL,
  `project_title` varchar(150) NOT NULL,
  `period` datetime NOT NULL,
  `attendance_present` int(50) NOT NULL,
  `attendance_absent` int(150) NOT NULL,
  `nom_borrowers_delinquent` int(150) NOT NULL,
  `nom_borrowers_overdue` int(150) NOT NULL,
  `total_production` int(150) NOT NULL,
  `total_collection_sales` float(10,2) NOT NULL,
  `total_released_purchases` float(10,2) NOT NULL,
  `total_delinquent_account` float(10,2) NOT NULL,
  `total_over_due_account` float(10,2) NOT NULL,
  `cash_in_bank` float(10,2) NOT NULL,
  `cash_on_hand` float(10,2) NOT NULL,
  `inventories` float(10,2) NOT NULL,
  PRIMARY KEY (`project_monitoring_id`)
) ENGINE=InnoDB AUTO_INCREMENT=31 DEFAULT CHARSET=utf8;
/*!40101 SET character_set_client = @saved_cs_client */;

--
-- Dumping data for table `project_monitoring`
--

LOCK TABLES `project_monitoring` WRITE;
/*!40000 ALTER TABLE `project_monitoring` DISABLE KEYS */;
SET autocommit=0;
INSERT INTO `project_monitoring` VALUES (1,3,'','1970-01-01 00:00:00',0,0,0,0,0,0.00,0.00,0.00,0.00,0.00,0.00,0.00),(2,7,'','1970-01-01 00:00:00',0,0,0,0,0,0.00,0.00,0.00,0.00,0.00,0.00,0.00),(3,8,'','1970-01-01 00:00:00',0,0,0,0,0,0.00,0.00,0.00,0.00,0.00,0.00,0.00),(4,11,'massage center','2023-05-05 00:00:00',0,0,0,0,0,0.00,0.00,0.00,0.00,38316.00,0.00,0.00),(5,18,'Rice Trading & Life Vest','1970-01-01 00:00:00',0,0,0,28,0,0.00,0.00,0.00,41675.00,21000.00,2074.00,0.00),(6,19,'Rice Trading','1970-01-01 00:00:00',12,0,0,54,0,0.00,7700.00,0.00,53430.00,35259.66,5400.00,0.00),(7,23,'grocery store','1970-01-01 00:00:00',0,0,0,0,0,0.00,0.00,0.00,0.00,115000.00,32000.00,30000.00),(8,27,'Improvement of Balot Vending Kit','1970-01-01 00:00:00',0,0,0,0,0,0.00,0.00,0.00,0.00,0.00,680.00,0.00),(9,34,'Street Food Vending Starter Kit','1970-01-01 00:00:00',0,0,0,0,0,0.00,0.00,0.00,0.00,29252.84,3200.00,0.00),(10,35,'','1970-01-01 00:00:00',0,0,0,0,0,0.00,0.00,0.00,0.00,0.00,1480.00,0.00),(11,38,'Rice Trading','1970-01-01 00:00:00',10,0,0,0,0,0.00,3100.00,0.00,53430.00,35259.66,2300.00,0.00),(12,40,'Sari-Sari Store/ Rice & Corn Trading','1970-01-01 00:00:00',0,0,0,0,0,195514.00,0.00,0.00,0.00,0.00,0.00,0.00),(13,41,'Rice Trading','2023-05-31 00:00:00',0,0,0,0,0,25700.00,0.00,0.00,0.00,167000.00,18000.00,0.00),(14,44,'Massage center','2023-05-31 00:00:00',0,0,0,0,0,0.00,0.00,0.00,0.00,49316.00,0.00,0.00),(15,46,'Rice Trading','1970-01-01 00:00:00',26,0,0,0,0,0.00,0.00,0.00,0.00,0.00,6500.00,0.00),(16,48,'Rice Trading','1970-01-01 00:00:00',25,0,0,1,0,0.00,0.00,0.00,200.00,17763.00,740.00,0.00),(17,53,'Rice Trading for PWDs','2023-06-05 00:00:00',0,0,0,0,0,0.00,0.00,0.00,0.00,200.00,2600.00,0.00),(18,66,'CLPEP MONITORING','2023-06-19 00:00:00',0,0,0,0,0,0.00,0.00,0.00,0.00,0.00,0.00,0.00),(19,68,'Rice Trading','1970-01-01 00:00:00',0,0,0,0,0,0.00,0.00,0.00,0.00,161110.62,11025.00,0.00),(20,70,'','1970-01-01 00:00:00',0,0,0,0,0,0.00,0.00,0.00,0.00,32157.50,3200.00,0.00),(21,72,'Improvement of Balot Vending Kit','2023-06-30 00:00:00',0,0,0,0,0,0.00,0.00,0.00,0.00,0.00,1800.00,0.00),(22,75,'Rice Trading/Micro-lending','1970-01-01 00:00:00',18,0,0,0,0,0.00,0.00,0.00,69782.00,0.00,0.00,0.00),(23,77,'Rice Trading/Micro Lending','1970-01-01 00:00:00',17,6,0,0,0,0.00,0.00,0.00,0.00,17457.00,22586.00,0.00),(24,81,'Rice Trading','1970-01-01 00:00:00',16,0,0,0,0,0.00,0.00,0.00,0.00,45276.00,21565.00,0.00),(25,84,'Micro Lending/General Merchandise','1970-01-01 00:00:00',23,0,0,0,0,0.00,0.00,0.00,0.00,22118.00,2624.00,0.00),(26,93,'Massage center','2023-07-07 00:00:00',0,0,0,0,0,0.00,0.00,0.00,0.00,70728.18,0.00,0.00),(27,102,'Community Swine Raising','1970-01-01 00:00:00',0,0,0,0,0,0.00,0.00,0.00,0.00,0.00,0.00,0.00),(28,104,'','1970-01-01 00:00:00',0,0,0,0,0,0.00,0.00,0.00,0.00,35000.00,12000.00,0.00),(29,106,'Rice Trading and Micro-Lending','1970-01-01 00:00:00',17,0,0,0,0,0.00,0.00,0.00,0.00,0.00,0.00,0.00),(30,107,'','1970-01-01 00:00:00',0,0,0,0,0,0.00,0.00,0.00,0.00,31957.50,3100.00,0.00);
/*!40000 ALTER TABLE `project_monitoring` ENABLE KEYS */;
UNLOCK TABLES;
COMMIT;

-- Dumped table `project_monitoring` with 30 row(s)
--

--
-- Table structure for table `responsibility_center`
--

/*!40101 SET @saved_cs_client     = @@character_set_client */;
/*!40101 SET character_set_client = utf8 */;
CREATE TABLE `responsibility_center` (
  `responsibility_center_id` int(20) NOT NULL AUTO_INCREMENT,
  `responsibility_center_code` varchar(50) NOT NULL,
  `responsibility_center_name` varchar(150) NOT NULL,
  `responsibility_created` datetime NOT NULL,
  PRIMARY KEY (`responsibility_center_id`)
) ENGINE=InnoDB AUTO_INCREMENT=154 DEFAULT CHARSET=utf8mb4;
/*!40101 SET character_set_client = @saved_cs_client */;

--
-- Dumping data for table `responsibility_center`
--

LOCK TABLES `responsibility_center` WRITE;
/*!40000 ALTER TABLE `responsibility_center` DISABLE KEYS */;
SET autocommit=0;
INSERT INTO `responsibility_center` VALUES (1,'1','No. of SPRS Monthly Report Prepared & Submitted','2023-05-02 20:53:59'),(2,'2','No. of  Monthly LMI Report Prepared & Submitted','2023-05-02 20:54:15'),(3,'3','No. of  Monthly LMI Analysis Prepared & Submitted','2023-05-02 20:54:26'),(4,'4','No. of Job vacancies solicitation Conducted','2023-05-02 20:54:45'),(5,'5','No. of Job Vacancies Solicited - Local','2023-05-02 20:54:59'),(6,'6','No. of Job Vacancies Solicited - Overseas','2023-05-02 20:55:13'),(7,'7','No. of Individuals Reached with LMI','2023-05-02 20:55:22'),(8,'8','No. of Entities Reached with LMI','2023-05-02 20:55:33'),(9,'9','No. of Inquiries Answered on PESO Fb Page','2023-05-02 21:04:29'),(11,'10','No. of Inquiries Answered on Hotjobs Fb Page','2023-05-02 21:06:02'),(12,'11','No. of Inquiries Answered on Jobs email-ad','2023-05-02 21:07:16'),(13,'12','No. of Job Applicants Registered','2023-05-02 21:07:41'),(14,'13','No. of Job Applicants Referred','2023-05-02 21:07:55'),(15,'14','No. of Job Applicants Placed (92% placement rate)','2023-05-02 21:08:04'),(16,'15','No.  of SHS Conducted Pre-Employment Coaching','2023-05-02 21:08:24'),(17,'16','No.  of SHS Covered for  Pre-Employment Coaching','2023-05-02 21:08:40'),(18,'17','No.  of JHS Conducted Pre-Employment Coaching','2023-05-02 21:08:49'),(19,'18','No.  of JHS Covered for  Pre-Employment Coaching','2023-05-02 21:09:00'),(20,'19','No.  of G6 Conducted Career Advocacy','2023-05-02 21:09:31'),(21,'20','No.  of G6 Covered for Career Advocacy','2023-05-02 21:09:49'),(22,'21','No. of  Labor Education for Graduating Students (LEGS) Conducted','2023-05-02 21:10:04'),(23,'22','No. of  Students Conducted attended LEGS','2023-05-02 21:10:55'),(24,'23','No. Beneficiaries - 10 Day PSEP','2023-05-02 21:11:16'),(25,'24','No. Beneficiaries - 20 Days SPES','2023-05-02 21:11:29'),(26,'25','No. of PSEP Orientation Conducted ','2023-05-02 21:11:41'),(27,'26','No. of SPES Orientation Conducted','2023-05-02 21:11:51'),(28,'27','No. of SPES Beneficiary Docs reviewed  for Academe Implementer','2023-05-02 21:12:02'),(29,'28','No. of  SRA Conducted','2023-05-02 21:12:15'),(30,'29','No. of  Applicants Registered- SRA','2023-05-02 21:12:37'),(31,'30','No. of LRA or Mini-job Fair Conducted ','2023-05-02 21:12:56'),(32,'31','No. of  Applicants Registered- LRA','2023-05-02 21:13:21'),(33,'32','No. of SRA/LRA Placement Monitoring Conducted','2023-05-02 21:13:37'),(34,'33','No. of Job Fair Conducted','2023-05-02 21:13:54'),(35,'34','No. of Business Fair Conducted','2023-05-02 21:14:08'),(36,'35','No. of  One-stop-Shop Services Conducted','2023-05-02 21:14:25'),(37,'36','No. of  Skills Demo Conducted','2023-05-02 21:14:35'),(38,'37','No. of Applicants Registered to PEIS','2023-05-02 21:15:03'),(39,'38','No. of Establishments Registered to PEIS','2023-05-02 21:15:14'),(40,'39','No. of Job Vacancies Posted to PEIS','2023-05-02 21:15:28'),(41,'40','No. of PEIS Profile Updated','2023-05-02 21:15:37'),(42,'41','No. of PEIS-Based Referral','2023-05-02 21:16:24'),(43,'42','No. of BNSRP-PEIS FB Quarterly Meeting Conducted','2023-05-02 21:16:36'),(44,'43','No. of PEIS On-site Enrolment Conducted','2023-05-02 21:16:58'),(45,'44','No. of PEIS Applicants Tagged PLACED','2023-05-02 21:17:45'),(46,'45','No. of Awarding and Recognition conducted','2023-05-02 21:17:55'),(47,'46','No. of Applicants Registered to PJN','2023-05-02 21:18:06'),(48,'47','No. of Establishments Registered to PJN','2023-05-02 21:18:19'),(49,'48','No. of Job Vacancies Registered to PJN','2023-05-02 21:18:43'),(50,'49','No. of Target Beneficiaries','2023-05-02 21:18:53'),(51,'50','No. of Employer\'s Forum Conducted','2023-05-02 21:19:08'),(52,'51','No. of Employer\'s Participated','2023-05-02 21:19:17'),(53,'52','No. of Placed','2023-05-02 21:19:45'),(54,'53','No. of Scholars Processed &  Approved - SHS ','2023-05-02 21:19:54'),(55,'54','No. of Scholars Processed & Approved - College','2023-05-02 21:20:02'),(56,'55','No. of Scholars Processed & Approved - TVET','2023-05-02 21:20:11'),(57,'56','No. of Scholarship Forms Encoded at PEIS','2023-05-02 21:20:19'),(58,'57','No. of NGA Scholarship Application Facilitated / Processed','2023-05-02 21:20:28'),(59,'58','No. of Labor Education conducted','2023-05-02 21:20:38'),(60,'59','No. of Kasambahay Profiled / Updated','2023-05-02 21:20:57'),(61,'60','No. of Kasambahay Given Intervention','2023-05-02 21:21:06'),(62,'61','No. of Establishment Inspection Conducted','2023-05-02 21:21:16'),(63,'62','No. of Establishment\'s 201 File Examined / Evaluated / Maintained','2023-05-02 21:21:44'),(64,'64','No. of  Awarding and Recognition Conducted','2023-05-02 21:21:55'),(65,'65','No. of WHIP Monitoring Conducted ','2023-05-02 21:22:03'),(66,'66','No. of WHIP Placement','2023-05-02 21:22:13'),(67,'67','No. of WHIP Monitoring Reports Submitted','2023-05-02 21:22:22'),(68,'68','No. of Monthly WHIP Project Progress Report Submitted','2023-05-02 21:22:30'),(69,'69','No. of WHIP Project Terminal Report Submitted','2023-05-02 21:23:28'),(70,'70','No. of AIR Advocacy Conducted','2023-05-02 21:23:50'),(71,'71','No. of Child Labor Beneficiaries Assisted','2023-05-02 21:24:07'),(72,'72','No. of Child Labor Project Monitoring Conducted','2023-05-02 21:25:27'),(73,'73','No. of Activity conducted during International CL Day','2023-05-02 21:25:37'),(74,'74','No. OFW Help-Desk Maintained','2023-05-02 21:26:00'),(75,'75','No. OFW Welfare Case  Assisted - Regular','2023-05-02 21:26:17'),(76,'76','% Rate of OFWs Cases Resolved','2023-05-02 21:26:27'),(77,'77','No. of OFWs Assisted - Calamity Assistance','2023-05-02 21:26:36'),(78,'78','No. of OFWs Profiled','2023-05-02 21:26:45'),(79,'79','No. of EDSP/ODSP Scholarship Assisted','2023-05-02 21:27:03'),(80,'80','No. of OFW Family Circle Organized & Registered','2023-05-02 21:27:15'),(81,'81','No. of OFW Family Circle Orientation Conducted','2023-05-02 21:27:22'),(82,'82','No. of  Skills Training for PWDs Conducted','2023-05-02 21:27:30'),(83,'83','No. of PWDs Profiled','2023-05-02 21:27:39'),(84,'84','No. of TUPAD Beneficiaries Processed/Assisted/Referred','2023-05-02 21:27:47'),(85,'85','No. of GIP Beneficiaries Assisted','2023-05-02 21:28:06'),(86,'86','No. of Mission Race Beneficiaries Processed / Assisted','2023-05-02 21:28:18'),(87,'87','No. of 1st Time Jobseekers Assisted','2023-05-02 21:28:33'),(88,'88','No. of 1st Time Jobseekers Advocacy  Conducted','2023-05-02 21:28:41'),(89,'89','No. of CTEC Report Submitted - 12','2023-05-02 21:28:49'),(90,'90','No. of Community-Based Skills Training Conducted','2023-05-02 21:28:57'),(91,'91','No. of CBT Beneficiaries (Regular)','2023-05-02 21:30:42'),(92,'92','No. of CBT Beneficiaries (ELCAC)','2023-05-02 21:30:55'),(93,'93','No. of  Skills Trainings Conducted','2023-05-02 21:31:22'),(94,'94','No. of Beneficiaries - Skills Training','2023-05-02 21:31:36'),(95,'95','No. of  Capability Building Trainings Conducted','2023-05-02 21:31:47'),(96,'96','No. of Beneficiaries - Cap Devt','2023-05-02 21:32:45'),(97,'97','No. of  Mandatory Coop officers Trainings Facilitated','2023-05-02 21:33:00'),(98,'98','No. of Beneficiaries - Mandatory Training','2023-05-02 21:33:09'),(99,'99','No. of  Other Coop officers Trainings Facilitated','2023-05-02 21:33:18'),(100,'100','No. of Beneficiaries - Other Training','2023-05-02 21:33:27'),(101,'101','No. of Employability Enhancement, Labor Relations and Productivity Trainings Conducted (virtual)','2023-05-02 21:33:38'),(102,'102','No. of Livelihood Projects Implemented/Assisted - Regular','2023-05-02 21:33:48'),(103,'103','No. of Livelihood Projects Implemented/Assisted -Individual','2023-05-02 21:33:58'),(104,'104','No. of Livelihood Projects Implemented/Assisted - PWD','2023-05-02 21:34:07'),(105,'105','No. of Livelihood Projects Implemented/Assisted - Ips','2023-05-02 21:34:18'),(106,'106','No. of Livelihood Beneficiaries - Regular','2023-05-02 21:34:39'),(107,'107','No. of Livelihood Beneficiaries - Individual','2023-05-02 21:35:01'),(108,'108','No. of LAG Beneficiaries Assisted','2023-05-02 21:35:14'),(109,'109','No. of GEDA Projects Assisted/Implemented','2023-05-02 21:35:23'),(110,'110','No. of Individual LAG Monitoring Conducted','2023-05-02 21:35:35'),(111,'111','No. of COOP/PO Project Monitoring Conducted','2023-05-02 21:35:47'),(112,'112','No. of COOP/PO Monitoring/Meeting Conducted/Attended','2023-05-02 21:36:00'),(113,'113','No. of COOP Visits Conducted','2023-05-02 21:36:10'),(114,'114','No. of  CSO-Desk Maintained','2023-05-02 21:36:46'),(115,'115','No. of  People\'s Council Organized','2023-05-02 21:36:54'),(116,'116','No. of  People\'s Council Meeting Facilitated','2023-05-02 21:37:02'),(117,'117','No. of  CSO Meetings Faciliated','2023-05-02 21:37:11'),(118,'118','No. of COOPs Given Assistance in Making Reports','2023-05-02 21:37:20'),(119,'119','No. of COOP Reports Assisted','2023-05-02 21:37:28'),(120,'120','No. of POs Given Assistance in Making Reports-DOLE','2023-05-02 21:37:37'),(121,'121','No. of POs  Reports-DOLE Assisted','2023-05-02 21:38:07'),(122,'122','No. of POs Given Assistance in Making Reports - SEC','2023-05-02 21:38:15'),(123,'123','No. of POs Reports - SEC Assisted','2023-05-02 21:38:22'),(124,'124','No. of Pos Registered to DOLE/SEC','2023-05-02 21:38:30'),(125,'125','No. of COOPs Registered to CDA','2023-05-02 21:38:37'),(126,'126','No. of COOPs/Pos Assisted for Accreditation','2023-05-02 21:38:45'),(127,'127','No. of COOPs/Pos Assisted for BIR Regulation','2023-05-02 21:38:52'),(128,'128','No. of PRS Facilitated','2023-05-02 21:45:54'),(129,'129','No. of PRS- Facilitated Beneficiaries','2023-05-02 21:46:02'),(130,'130','No. of Coop Month Celebration Activities Conducted','2023-05-02 21:46:15'),(131,'131','No. of OMJ Episodes Shoot','2023-05-02 21:46:32'),(132,'132','No. of PO-COOP Updating Survey Bounded','2023-05-02 21:46:39'),(133,'133','No. of OCCDC Meeting Facilitated','2023-05-02 21:48:39'),(134,'134','No. of Applicants Given On-line Assistance','2023-05-02 21:48:49'),(135,'135','No. of Job Vacancy Lay-out Prepared','2023-05-02 21:48:59'),(136,'136','No. of  Meetings Conducted/Facilitated','2023-05-02 21:49:09'),(137,'137','No. of Success Videos / Stories Prepared','2023-05-02 21:49:30'),(138,'138','No. of Lay-outs / Artcard Prepared','2023-05-02 21:49:40'),(139,'139','No. of Advocacy Video Prepared','2023-05-02 21:49:52'),(140,'140','No. of Monthly LMI Updates Artcard Prepared','2023-05-02 21:50:01'),(141,'141','No. of Advocacy Videos Posted at You-tube','2023-05-02 21:50:18'),(142,'142','% rate of 2021 Activity Photo Folder Maintained for SBP','2023-05-02 21:51:00'),(143,'143','% rate of Documents Received Routed Immediately','2023-05-02 21:51:08'),(144,'144','% rate of Documents Released/Processed Transmitted Immediately','2023-05-02 21:51:16'),(145,'145','% rate of Documents Filed (in proper filing center) in a span of 2 to 3 days','2023-05-02 21:51:24'),(146,'146','% Rate of Active Filing Center maintained','2023-05-02 21:51:41'),(147,'147','% Rate of Budget Logbook Maintained','2023-05-02 21:51:50'),(148,'148','No. of PRs prepared','2023-05-02 21:52:02'),(149,'149','No. of Petty Cash Prepared','2023-05-02 21:52:16'),(150,'150','No. of Cash Advance Prepared','2023-05-02 21:52:26'),(151,'151','No. of Documents Printed from Email (Yahoo and Jobs)','2023-05-02 21:52:39'),(152,'152','No. of Documents Dessiminated','2023-05-02 21:52:48');
/*!40000 ALTER TABLE `responsibility_center` ENABLE KEYS */;
UNLOCK TABLES;
COMMIT;

-- Dumped table `responsibility_center` with 151 row(s)
--

--
-- Table structure for table `responsible_section`
--

/*!40101 SET @saved_cs_client     = @@character_set_client */;
/*!40101 SET character_set_client = utf8 */;
CREATE TABLE `responsible_section` (
  `responsible_section_id` int(50) unsigned NOT NULL AUTO_INCREMENT,
  `responsible_section_name` varchar(150) NOT NULL,
  `responsible_section_created` datetime NOT NULL,
  PRIMARY KEY (`responsible_section_id`)
) ENGINE=InnoDB AUTO_INCREMENT=6 DEFAULT CHARSET=utf8;
/*!40101 SET character_set_client = @saved_cs_client */;

--
-- Dumping data for table `responsible_section`
--

LOCK TABLES `responsible_section` WRITE;
/*!40000 ALTER TABLE `responsible_section` DISABLE KEYS */;
SET autocommit=0;
INSERT INTO `responsible_section` VALUES (1,'Cooperative & Livelihood Development','2023-04-27 23:01:37'),(2,'Labor & Employment','2023-04-27 23:01:49'),(3,'Manpower Development & Scholarship','2023-04-27 23:02:01'),(5,'Administrative','2023-05-10 12:44:57');
/*!40000 ALTER TABLE `responsible_section` ENABLE KEYS */;
UNLOCK TABLES;
COMMIT;

-- Dumped table `responsible_section` with 4 row(s)
--

--
-- Table structure for table `rfa_clients`
--

/*!40101 SET @saved_cs_client     = @@character_set_client */;
/*!40101 SET character_set_client = utf8 */;
CREATE TABLE `rfa_clients` (
  `rfa_client_id` int(30) NOT NULL AUTO_INCREMENT,
  `first_name` varchar(100) NOT NULL,
  `middle_name` varchar(100) DEFAULT NULL,
  `last_name` varchar(100) NOT NULL,
  `extension` varchar(10) DEFAULT NULL,
  `purok` int(10) DEFAULT NULL,
  `barangay` varchar(100) NOT NULL,
  `contact_number` varchar(15) DEFAULT NULL,
  `age` int(20) NOT NULL,
  `employment_status` varchar(150) NOT NULL,
  `rfa_client_created` datetime NOT NULL,
  `rfa_client_added_by` int(50) NOT NULL,
  PRIMARY KEY (`rfa_client_id`)
) ENGINE=InnoDB AUTO_INCREMENT=21 DEFAULT CHARSET=utf8mb4;
/*!40101 SET character_set_client = @saved_cs_client */;

--
-- Dumping data for table `rfa_clients`
--

LOCK TABLES `rfa_clients` WRITE;
/*!40000 ALTER TABLE `rfa_clients` DISABLE KEYS */;
SET autocommit=0;
INSERT INTO `rfa_clients` VALUES (1,'Basil','','Manabo','',2,'Tuyabang Bajo','09126548518',12,'employed','2023-04-30 04:48:58',9),(2,'Jovencia ','C','Guia','',1,'Victoria','21474836474',71,'self-employed','2023-05-17 16:10:36',18),(3,'Evelyn ','','Jambo','',0,'Canubay','9',0,'employed','2023-05-17 16:48:52',18),(4,'Maricel','T.','Camacho','',3,'Villaflor','2147483647',33,'self-employed','2023-05-18 12:16:14',19),(5,'Marcelina','-','Saldia','',-1,'Poblacion 1','09105518507',56,'employed','2023-06-02 11:38:12',18),(6,'Golden Glory','C. ','Hinaut','N/A',2,'Bunga','09380035657',45,'self-employed','2023-06-02 13:25:03',20),(7,'Rosario','','Saludsod','',2,'Layawan','09679672473',0,'employed','2023-06-02 16:05:38',19),(8,'Diwata','-','Ageas','',1,'Poblacion 1','09092195231',49,'employed','2023-06-08 13:18:45',18),(9,'reynaldo','','barial','',1,'Poblacion 1','09700827413',60,'employed','2023-06-19 09:31:13',18),(11,'Hann Wishley','Castillo','Layawan','',3,'Upper Lamac','09566726060',66,'self-employed','2023-06-26 15:44:39',21),(12,'Prisca','Gumolon','Clavite','N/A',1,'Clarin Settlement','09350988657',51,'employed','2023-06-26 15:47:55',20),(13,'Almer','Buloran','Lumasag','N/A',1,'Lower Lamac','09161942669',49,'employed','2023-06-26 15:57:39',20),(14,'Elizar','Sabado','Calipusan','.',2,'Mialen','09552008223',39,'self-employed','2023-06-26 16:04:16',20),(15,'Mary Abigail ','Q.','Enderiz','-',7,'Villaflor','09668404304',28,'employed','2023-06-29 09:11:29',20),(16,'Anita','A','Rellon','',2,'Lower Loboc','09485807605',59,'underemployed','2023-06-29 10:29:05',18),(17,'MARIVIC','D','SARTE','',4,'Proper Langcangan','09381723262',63,'underemployed','2023-07-03 13:13:04',18),(18,'Merlyn','Alcalde','Bandala','',1,'Upper Loboc','09465166499',54,'self-employed','2023-07-06 10:41:26',21),(19,'MYLENE','VILLARIMO','AMONSOT','',6,'Binuangan','09754946654',32,'employed','2023-07-21 10:30:04',18),(20,'CHRISTEL ','LAWAT','BRAYOG','',3,'Upper Langcangan','09102406458',28,'employed','2023-07-21 10:33:37',18);
/*!40000 ALTER TABLE `rfa_clients` ENABLE KEYS */;
UNLOCK TABLES;
COMMIT;

-- Dumped table `rfa_clients` with 19 row(s)
--

--
-- Table structure for table `rfa_transactions`
--

/*!40101 SET @saved_cs_client     = @@character_set_client */;
/*!40101 SET character_set_client = utf8 */;
CREATE TABLE `rfa_transactions` (
  `rfa_id` int(20) NOT NULL AUTO_INCREMENT,
  `rfa_tracking_code` varchar(100) NOT NULL,
  `client_id` int(20) NOT NULL,
  `rfa_created_by` int(30) NOT NULL,
  `tor_id` int(20) NOT NULL,
  `type_of_transaction` enum('simple','complex') DEFAULT NULL,
  `number` varchar(150) NOT NULL,
  `rfa_status` set('pending','completed') NOT NULL,
  `rfa_date_filed` datetime NOT NULL,
  `action_taken` text NOT NULL,
  `reffered_to` int(11) DEFAULT NULL,
  `reffered_date_and_time` datetime NOT NULL,
  `action_to_be_taken` text DEFAULT NULL,
  `action_to_be_taken_date_time` datetime NOT NULL,
  `accomplished_status` int(1) NOT NULL,
  `approved_date` datetime NOT NULL,
  PRIMARY KEY (`rfa_id`)
) ENGINE=InnoDB AUTO_INCREMENT=43 DEFAULT CHARSET=utf8mb4;
/*!40101 SET character_set_client = @saved_cs_client */;

--
-- Dumping data for table `rfa_transactions`
--

LOCK TABLES `rfa_transactions` WRITE;
/*!40000 ALTER TABLE `rfa_transactions` DISABLE KEYS */;
SET autocommit=0;
INSERT INTO `rfa_transactions` VALUES (1,'193444233720230517001',2,18,9,'simple','023','completed','2023-05-17 16:13:15','<p>for assistance</p>',18,'2023-05-18 03:18:44','<p>on processing - mu anhi ra sila para magpahelp sa ila SEC.</p>','2023-06-29 01:21:07',1,'2023-07-31 15:24:53'),(24,'115284297720230517024',3,18,20,'simple','024','completed','2023-05-17 16:50:33','<p>forward to goldenhands the payroll</p>',18,'2023-05-18 03:17:08','<p>file received 5/18/2023</p>','2023-05-18 03:53:10',1,'2023-05-18 05:21:45'),(25,'10790345320230518025',4,19,9,'complex','025','completed','2023-05-18 12:16:55','<p>Please ask the requestor for review and supply of needed data aron mafinalize na</p>',19,'2023-05-18 05:21:32','<p>dli mutabag ug tawagan, dayon nag tx na pod ko wala reply sir</p>','2023-06-30 08:38:09',1,'2023-07-31 15:24:57'),(26,'161516786020230602026',5,18,20,'simple','026','completed','2023-06-02 11:39:14','',18,'2023-06-02 10:08:23','<p>accomplished 6/5/23</p>','2023-06-06 05:43:11',1,'2023-06-06 18:15:23'),(27,'85966806220230602027',6,20,9,'simple','027','completed','2023-06-02 13:26:19','<p>dayan, pls send me scanned copy of Cover Sheet, GIS and excel format of GIS</p>',20,'2023-06-06 01:23:59','<p>Already sent via email</p>','2023-06-08 05:37:04',1,'2023-07-31 15:24:50'),(28,'34141529520230602028',7,19,9,'simple','028','completed','2023-06-02 16:06:45','<p>please email GIS PDF, GIS excel and Coversheet</p>',19,'2023-06-05 11:47:52','<p>accomplished</p>','2023-06-08 07:44:25',1,'2023-06-08 16:49:51'),(29,'175639255220230608029',8,18,21,'simple','029','completed','2023-06-08 15:13:51','<p>For names encoding in word</p>',17,'2023-06-08 07:37:36','<p>I already encoded the names for the request of Certificate of Employment.</p>','2023-06-16 04:02:38',1,'2023-06-19 13:25:58'),(30,'11045135120230619030',9,18,20,'simple','030','completed','2023-06-19 09:32:08','',18,'2023-06-19 05:26:32','<p>June 19, 2023 - accomplished</p>','2023-06-29 01:16:28',1,'2023-07-31 15:24:46'),(31,'142555705220230626031',12,20,8,'simple','031','completed','2023-06-26 15:49:42','<p>please provide assistance</p>',20,'2023-06-30 07:26:09','<p>Encoded and accomplished.</p>','2023-07-25 06:13:19',1,'2023-07-31 15:24:43'),(32,'48280275420230626032',13,20,8,'simple','032','completed','2023-06-26 15:58:46','<p>please provide assistance</p>',20,'2023-06-30 07:27:45','<p>Encoded and accomplished.</p>','2023-07-25 06:13:07',1,'2023-07-31 15:24:32'),(33,'109071415220230626033',11,21,7,'simple','033','pending','2023-06-26 16:02:23','<p>Please encode in excel</p>\n<p>Name&nbsp; &nbsp;Address&nbsp; &nbsp; Bdate&nbsp; &nbsp; &nbsp; Contact No.&nbsp; &nbsp;ID Number&nbsp; Place Issued</p>\n<p>&nbsp;</p>\n<p>Please email to me</p>',21,'2023-06-30 07:31:44',NULL,'0000-00-00 00:00:00',0,'0000-00-00 00:00:00'),(34,'4848038220230626034',14,20,8,'simple','034','completed','2023-06-26 16:04:47','<p>for assistance</p>',20,'2023-06-30 07:17:17','<p>Encoded and accomplished.</p>','2023-07-25 06:13:33',1,'2023-07-31 15:24:38'),(35,'177713947520230626035',5,21,7,'simple','035','pending','2023-06-26 16:06:23','<p>Please encode in excel</p>\n<p>Name&nbsp; &nbsp;Address&nbsp; &nbsp; Bdate&nbsp; &nbsp; &nbsp; Contact No.&nbsp; &nbsp;ID Number&nbsp; Place Issued</p>',21,'2023-06-30 07:29:37',NULL,'0000-00-00 00:00:00',0,'0000-00-00 00:00:00'),(36,'66640184820230629036',15,20,9,'simple','036','pending','2023-06-29 09:12:11','<p>Please email to me the documents for submission</p>',20,'2023-06-30 07:16:36',NULL,'0000-00-00 00:00:00',0,'0000-00-00 00:00:00'),(37,'120085768020230629037',16,18,9,'simple','037','pending','2023-06-29 10:29:52','<p>Please provide the necessary assistance</p>',18,'2023-06-30 07:24:14',NULL,'0000-00-00 00:00:00',0,'0000-00-00 00:00:00'),(38,'192948029020230703038',9,18,20,'simple','038','completed','2023-07-03 09:38:54','',18,'2023-07-06 10:53:14','<p>accomplished 7/3/23</p>','2023-07-20 07:54:45',1,'2023-07-31 15:24:25'),(39,'17843399620230703039',17,18,21,'simple','039','pending','2023-07-03 13:16:09','<p>for BI</p>',23,'2023-07-31 07:23:46',NULL,'0000-00-00 00:00:00',0,'0000-00-00 00:00:00'),(40,'109609760120230706040',18,21,9,'simple','040','pending','2023-07-06 10:44:37','<p>for appropriate action</p>',21,'2023-07-06 10:57:59',NULL,'0000-00-00 00:00:00',0,'0000-00-00 00:00:00'),(41,'204669256920230721041',19,18,21,'simple','041','completed','2023-07-21 10:31:03','<p>for AA</p>',18,'2023-07-31 07:24:17','<p>accomplished 7/31/23</p>','2023-07-31 07:38:45',1,'2023-07-31 15:51:45'),(42,'98634663020230721042',20,18,21,'simple','042','completed','2023-07-21 10:34:01','<p>for BI</p>',18,'2023-07-31 07:24:01','<p>accomplished 7/31/23</p>','2023-07-31 07:38:52',1,'2023-07-31 15:51:42');
/*!40000 ALTER TABLE `rfa_transactions` ENABLE KEYS */;
UNLOCK TABLES;
COMMIT;

-- Dumped table `rfa_transactions` with 20 row(s)
--

--
-- Table structure for table `rfa_transaction_history`
--

/*!40101 SET @saved_cs_client     = @@character_set_client */;
/*!40101 SET character_set_client = utf8 */;
CREATE TABLE `rfa_transaction_history` (
  `history_id` int(20) NOT NULL AUTO_INCREMENT,
  `track_code` varchar(50) NOT NULL,
  `received_by` int(20) NOT NULL,
  `received_date_and_time` datetime NOT NULL,
  `action_taken` text NOT NULL,
  `referred_to` int(20) DEFAULT NULL,
  `reffered_date_and_time` datetime NOT NULL,
  `action_to_be_taken` text NOT NULL,
  `rfa_tracking_status` enum('received','to-complete','completed') DEFAULT NULL,
  `release_status` int(1) NOT NULL,
  PRIMARY KEY (`history_id`)
) ENGINE=InnoDB DEFAULT CHARSET=utf8mb4;
/*!40101 SET character_set_client = @saved_cs_client */;

--
-- Dumping data for table `rfa_transaction_history`
--

LOCK TABLES `rfa_transaction_history` WRITE;
/*!40000 ALTER TABLE `rfa_transaction_history` DISABLE KEYS */;
SET autocommit=0;
/*!40000 ALTER TABLE `rfa_transaction_history` ENABLE KEYS */;
UNLOCK TABLES;
COMMIT;

-- Dumped table `rfa_transaction_history` with 0 row(s)
--

--
-- Table structure for table `trainings`
--

/*!40101 SET @saved_cs_client     = @@character_set_client */;
/*!40101 SET character_set_client = utf8 */;
CREATE TABLE `trainings` (
  `training_id` int(50) unsigned NOT NULL AUTO_INCREMENT,
  `training_transact_id` int(20) NOT NULL,
  `title_of_training` varchar(150) NOT NULL,
  `number_of_participants` int(50) NOT NULL,
  `female` int(50) NOT NULL,
  `overall_ratings` varchar(150) NOT NULL,
  `name_of_trainor` varchar(150) NOT NULL,
  `training_created` datetime NOT NULL,
  PRIMARY KEY (`training_id`)
) ENGINE=InnoDB AUTO_INCREMENT=6 DEFAULT CHARSET=utf8;
/*!40101 SET character_set_client = @saved_cs_client */;

--
-- Dumping data for table `trainings`
--

LOCK TABLES `trainings` WRITE;
/*!40000 ALTER TABLE `trainings` DISABLE KEYS */;
SET autocommit=0;
INSERT INTO `trainings` VALUES (1,1,'Employers Forum',52,36,'','','0000-00-00 00:00:00');
/*!40000 ALTER TABLE `trainings` ENABLE KEYS */;
UNLOCK TABLES;
COMMIT;

-- Dumped table `trainings` with 1 row(s)
--

--
-- Table structure for table `transactions`
--

/*!40101 SET @saved_cs_client     = @@character_set_client */;
/*!40101 SET character_set_client = utf8 */;
CREATE TABLE `transactions` (
  `transaction_id` int(50) unsigned NOT NULL AUTO_INCREMENT,
  `created_by` int(50) NOT NULL,
  `number` varchar(150) NOT NULL,
  `date_and_time_filed` datetime NOT NULL,
  `responsible_section_id` int(150) NOT NULL,
  `type_of_activity_id` int(150) NOT NULL,
  `under_type_of_activity_id` int(150) DEFAULT NULL,
  `responsibility_center_id` int(150) NOT NULL,
  `date_and_time` datetime NOT NULL,
  `cso_Id` int(150) DEFAULT NULL,
  `is_project_monitoring` int(11) NOT NULL,
  `is_training` int(11) NOT NULL,
  `is_project_meeting` int(1) NOT NULL,
  `remarks` text NOT NULL,
  `transaction_status` enum('pending','completed') NOT NULL,
  `transaction_date_time_completed` datetime DEFAULT NULL,
  `annotations` text DEFAULT NULL,
  `update_status` set('to-update','updated') NOT NULL,
  `updated_on` datetime NOT NULL,
  `action_taken_date` datetime DEFAULT NULL,
  PRIMARY KEY (`transaction_id`)
) ENGINE=InnoDB AUTO_INCREMENT=109 DEFAULT CHARSET=utf8;
/*!40101 SET character_set_client = @saved_cs_client */;

--
-- Dumping data for table `transactions`
--

LOCK TABLES `transactions` WRITE;
/*!40000 ALTER TABLE `transactions` DISABLE KEYS */;
SET autocommit=0;
INSERT INTO `transactions` VALUES (2,13,'125','2023-05-09 13:43:49',2,6,0,31,'2023-05-08 13:43:32',0,0,0,0,'<p>dgaskbdkasbdkbaskdbksabdsabdasbkdsad</p>','completed',NULL,NULL,'updated','0000-00-00 00:00:00','2023-05-18 02:18:21'),(10,18,'126','2023-05-16 11:07:28',1,1,0,112,'2023-05-05 08:00:00',57,0,0,0,'','completed',NULL,NULL,'to-update','0000-00-00 00:00:00',NULL),(11,18,'127','2023-05-16 11:19:58',1,4,0,111,'2005-05-05 08:00:00',57,1,0,0,'','completed',NULL,'<p>* nagsuggest sila sa ilang CBU e separate ug other account</p>\r\n<p>* nagreklamo ang uban therapist sa isa ka kauban nila hing extend ila pagmasahe na wala magpahibalo sa desk.</p>\r\n<p>* naay 3 ka member na wala nay duty2 or inactive member pero nagkuha ug uniform, pwede ba daw nila kwaon or paulian sa uban member na walay uniform</p>\r\n<p>ang inactive member kinahanglan maggama ug resignation letter.</p>','updated','2023-05-17 10:45:29',NULL),(12,12,'128','2023-05-16 11:51:42',2,6,0,65,'2023-04-28 10:00:00',0,0,0,0,'','completed',NULL,'<p style=\"margin: 0in; margin-bottom: .0001pt; line-height: 19.5pt;\"><span style=\"font-size: 11.5pt; font-family: \'Arial\',sans-serif; color: #444444;\"><strong>PROJECT TITLE</strong>: 22KI0038-Oroquieta City-Calamba Road Widening</span></p>\r\n<p style=\"margin: 0in; margin-bottom: .0001pt; line-height: 19.5pt;\"><span style=\"font-size: 11.5pt; font-family: \'Arial\',sans-serif; color: #444444;\"><strong>CONTRACTOR</strong>: Grace Construction Corporation</span></p>\r\n<p style=\"margin: 0in; margin-bottom: .0001pt; line-height: 19.5pt;\"><span style=\"font-size: 11.5pt; font-family: \'Arial\',sans-serif; color: #444444;\"><strong>PROJECT LOCATION</strong>: Lower Rizal, Oroquieta City</span></p>\r\n<p style=\"margin: 0in; margin-bottom: .0001pt; line-height: 19.5pt;\"><span style=\"font-size: 11.5pt; font-family: \'Arial\',sans-serif; color: #444444;\"><strong>PROJECT NATURE</strong>: DPWH 1st District<span style=\"mso-spacerun: yes;\">&nbsp;</span>Implemented</span></p>\r\n<p style=\"margin: 0in; margin-bottom: .0001pt; line-height: 19.5pt;\"><span style=\"font-size: 11.5pt; font-family: \'Arial\',sans-serif; color: #444444;\"><strong>PROJECT COST</strong>: Php 47,805,860.33</span></p>\r\n<p style=\"margin: 0in; margin-bottom: .0001pt; line-height: 19.5pt;\"><span style=\"font-size: 11.5pt; font-family: \'Arial\',sans-serif; color: #444444;\"><strong>DATE STARTED</strong>: February 15, 2022</span></p>\r\n<p style=\"margin: 0in; margin-bottom: .0001pt; line-height: 19.5pt;\"><span style=\"font-size: 11.5pt; font-family: \'Arial\',sans-serif; color: #444444;\"><strong>DATE OF MONITORING</strong>: April 28, 2023</span></p>\r\n<p style=\"margin: 0in; margin-bottom: .0001pt; line-height: 19.5pt;\"><span style=\"font-size: 11.5pt; font-family: \'Arial\',sans-serif; color: #444444;\"><strong>SPECIFIC ACTIVITY</strong>: road widening-finishing touch</span></p>\r\n<p style=\"margin: 0in; margin-bottom: .0001pt; line-height: 19.5pt;\"><span style=\"font-size: 11.5pt; font-family: \'Arial\',sans-serif; color: #444444;\"><strong>* Percentage of SKILLED WORKERS</strong>-33.33%, LHSW-1 from Far Brgy(Canubay)&nbsp;</span></p>\r\n<p style=\"margin: 0in; margin-bottom: .0001pt; line-height: 19.5pt;\"><span style=\"font-size: 11.5pt; font-family: \'Arial\',sans-serif; color: #444444;\"><strong>Percentage of Unskilled workers</strong>-80%, LHUSW-4 from Far Brgy(Canubay,Villaflor)&nbsp;</span></p>\r\n<p style=\"margin: 0in; margin-bottom: .0001pt; line-height: 19.5pt;\"><span style=\"font-size: 11.5pt; font-family: \'Arial\',sans-serif; color: #444444;\"><strong>COMPLIANT</strong>-based on Labor Localization Ordinance</span></p>','updated','2023-05-18 11:43:57',NULL),(13,12,'129','2023-05-16 11:56:09',2,8,0,0,'2023-05-10 10:00:00',0,0,0,0,'','completed',NULL,'<p>Attended the meeting and actual site inspection at barangay Taboc Sur</p>\r\n<p>The project was 100% completed</p>\r\n<p>Issued placement form for EG-16 of DDS Builders to Mr. Elmar Uba, passed to Wiengelyn for pies</p>','updated','2023-05-17 08:51:02',NULL),(16,12,'130','2023-05-17 08:19:25',2,6,0,65,'2023-05-11 09:30:10',0,0,0,0,'','completed',NULL,'<p style=\"margin: 0in; margin-bottom: .0001pt; line-height: 19.5pt;\"><strong style=\"mso-bidi-font-weight: normal;\"><span style=\"font-size: 11.5pt; font-family: \'Arial\',sans-serif; color: #444444;\">PROJECT TITLE:</span></strong><span style=\"font-size: 11.5pt; font-family: \'Arial\',sans-serif; color: #444444;\">23KI0077-Rehabilitation of Drainage Along National Roads</span></p>\r\n<p style=\"margin: 0in; margin-bottom: .0001pt; line-height: 19.5pt;\"><strong style=\"mso-bidi-font-weight: normal;\"><span style=\"font-size: 11.5pt; font-family: \'Arial\',sans-serif; color: #444444;\">CONTRACTOR: </span></strong><span style=\"font-size: 11.5pt; font-family: \'Arial\',sans-serif; color: #444444;\">SBU Builders &amp; General Merchandise</span></p>\r\n<p style=\"margin: 0in; margin-bottom: .0001pt; line-height: 19.5pt;\"><strong style=\"mso-bidi-font-weight: normal;\"><span style=\"font-size: 11.5pt; font-family: \'Arial\',sans-serif; color: #444444;\">PROJECT LOCATION:</span></strong><span style=\"font-size: 11.5pt; font-family: \'Arial\',sans-serif; color: #444444;\">&nbsp;Canubay-Mobod, Oroquieta City</span></p>\r\n<p style=\"margin: 0in; margin-bottom: .0001pt; line-height: 19.5pt;\"><strong style=\"mso-bidi-font-weight: normal;\"><span style=\"font-size: 11.5pt; font-family: \'Arial\',sans-serif; color: #444444;\">PROJECT NATURE:</span></strong><span style=\"font-size: 11.5pt; font-family: \'Arial\',sans-serif; color: #444444;\">&nbsp;DPWH<span style=\"mso-spacerun: yes;\">&nbsp;1st District&nbsp;</span>Implemented</span></p>\r\n<p style=\"margin: 0in; margin-bottom: .0001pt; line-height: 19.5pt;\"><strong style=\"mso-bidi-font-weight: normal;\"><span style=\"font-size: 11.5pt; font-family: \'Arial\',sans-serif; color: #444444;\">PROJECT COST:</span></strong><span style=\"font-size: 11.5pt; font-family: \'Arial\',sans-serif; color: #444444;\"> Php 8,125,000.00</span></p>\r\n<p style=\"margin: 0in; margin-bottom: .0001pt; line-height: 19.5pt;\"><strong style=\"mso-bidi-font-weight: normal;\"><span style=\"font-size: 11.5pt; font-family: \'Arial\',sans-serif; color: #444444;\">DATE STARTED:</span></strong><span style=\"font-size: 11.5pt; font-family: \'Arial\',sans-serif; color: #444444;\">&nbsp;April 02, 2023</span></p>\r\n<p style=\"margin: 0in; margin-bottom: .0001pt; line-height: 19.5pt;\"><strong style=\"mso-bidi-font-weight: normal;\"><span style=\"font-size: 11.5pt; font-family: \'Arial\',sans-serif; color: #444444;\">DATE OF MONITORING:</span></strong><span style=\"font-size: 11.5pt; font-family: \'Arial\',sans-serif; color: #444444;\">&nbsp;May 11, 2023</span></p>\r\n<p style=\"margin: 0in; margin-bottom: .0001pt; line-height: 19.5pt;\"><strong style=\"mso-bidi-font-weight: normal;\"><span style=\"font-size: 11.5pt; font-family: \'Arial\',sans-serif; color: #444444;\">SPECIFIC ACTIVITY: </span></strong><span style=\"font-size: 11.5pt; font-family: \'Arial\',sans-serif; color: #444444;\">demolition of existing structure-breaking concrete</span></p>\r\n<p style=\"margin: 0in; margin-bottom: .0001pt; line-height: 19.5pt;\"><strong style=\"mso-bidi-font-weight: normal;\"><span style=\"font-size: 11.5pt; font-family: \'Arial\',sans-serif; color: #444444;\">Percentage of SKILLED WORKERS</span></strong><span style=\"font-size: 11.5pt; font-family: \'Arial\',sans-serif; color: #444444;\">-100%, LHSW-2 from Within Project barangay(Mobod) and Far barangay(Talairon)</span></p>\r\n<p style=\"margin: 0in; margin-bottom: .0001pt; line-height: 19.5pt;\"><strong style=\"mso-bidi-font-weight: normal;\"><span style=\"font-size: 11.5pt; font-family: \'Arial\',sans-serif; color: #444444;\">Percentage of SKILLED WORKERS</span></strong><span style=\"font-size: 11.5pt; font-family: \'Arial\',sans-serif; color: #444444;\">-100%, LHUSW-5 from Within Project barangay(Mobod) and Far barangay(San Vicenre Bajo and Apil)</span></p>\r\n<p style=\"margin: 0in; margin-bottom: .0001pt; line-height: 19.5pt;\"><strong style=\"mso-bidi-font-weight: normal;\"><span style=\"font-size: 11.5pt; font-family: \'Arial\',sans-serif; color: #444444;\">COMPLIANT</span></strong><span style=\"font-size: 11.5pt; font-family: \'Arial\',sans-serif; color: #444444;\">-based on Labor Localization Ordinance</span></p>\r\n<p class=\"MsoNormal\">&nbsp;</p>','updated','2023-05-18 14:51:40',NULL),(17,12,'131','2023-05-17 08:20:16',2,6,0,65,'2023-05-11 14:30:10',0,0,0,0,'','completed',NULL,'<p><strong>PROJECT TITLE:</strong> 23KI0001-REHABILITATION(COMPLETION) OF MULTI-PURPOSE BUILDING</p>\r\n<p><strong>CONTRACTOR:</strong> RRJ BUILDERS CONSTRUCTION &amp; GENERAL MERCHANDISE</p>\r\n<p><strong>PROJECT LOCATION:</strong> Paypayan, Oroquieta City</p>\r\n<p><strong>PROJECT NATURE:</strong> DPWH 1ST District Implemented</p>\r\n<p><strong>PROJECT COST:</strong> Php 1,863,007.92</p>\r\n<p><strong>DATE STARTED:</strong> April 2, 2023</p>\r\n<p><strong>DATE OF MONITORING:</strong> May 11, 2023</p>\r\n<p><strong>SPECIFIC ACTIVITY:</strong> finishing, ceiling joist</p>\r\n<p><strong>Percentage of SKILLED WORKERS</strong>-50%, LHSW-2 from Within Project barangay(Paypayan) and Far barangay(Dullan Norte)</p>\r\n<p><strong>Percentage of Unskilled workers</strong>-50%, LHUSW-3 from Within Project barangay(Paypayan,2) and Far barangay(Upper Langcangan)</p>\r\n<p><strong>COMPLIANT</strong>-based on Labor Localization Ordinance</p>','updated','2023-05-18 11:41:34',NULL),(18,19,'132','2023-05-17 08:38:59',1,4,0,111,'2023-05-12 09:00:00',89,1,0,0,'<p>Please encode the receivables</p>','completed',NULL,'<p>RECIEVABLES</p>\r\n<p>1.) Nilo Sarial - 1950.00</p>\r\n<p>2.) Violy Sugalam - 830.00</p>\r\n<p>3.) Ronel Gumalas - 1250.00</p>\r\n<p>4.) Raymundo Padogdog - 900.00</p>\r\n<p>5.) Ricky Tual - 150.00</p>\r\n<p>6.) Jonwyne Montipon - 2,900.00</p>\r\n<p>7.) Grecerio Gaas - 15405.00</p>\r\n<p>8.) Rico Sugalam - 1250.00</p>\r\n<p>9.) Lorena/Jaime Gumeason - 1250.00</p>\r\n<p>10.) Diosdado Penalte - 500.00</p>\r\n<p>11.) Pablo Floriza - 150.00</p>\r\n<p>12.) Erick Floriza - 1250.00</p>\r\n<p>13.) Lanie Sugalam - 1450.00</p>\r\n<p>14.) Arnel Penaran - 750.00</p>\r\n<p>15.) Elmer Malayon - 1100.00</p>\r\n<p>16.) Angelito Penaran Jr. - 1170.00</p>\r\n<p>17.) Bernaldo Tual - 850.00</p>\r\n<p>18.) Nick Floriza - 1350.00</p>\r\n<p>19.) Sarah Carillo - 1250.00</p>\r\n<p>20.) Jomie Asok - 1000.00</p>\r\n<p>21.) Ricky Sugalam - 1250.00</p>\r\n<p>22.) Mely Salibay - 1250.00</p>\r\n<p>23.) Modisto Labor - 250</p>\r\n<p>24.) Joy Gumeason - 250.00</p>\r\n<p>25.) Ronald Sugalam - 2000.00</p>\r\n<p>26.) Elpidio Malayon - 250.00</p>\r\n<p>27.) Jonwyne Montipon Jr. - 1200.00</p>\r\n<p>28.) Gerwin Malayon - 1250.00</p>\r\n<p>29.) Eddie Tual - 200.00</p>\r\n<p>30.) Robert Cagas - 1200.00</p>\r\n<p>31.) Leny Sumanduran - 1150.00</p>','updated','2023-05-23 11:56:57','2023-05-23 03:59:11'),(19,19,'133','2023-05-17 08:42:56',1,4,0,111,'2023-05-17 09:00:00',47,1,0,0,'','completed',NULL,'','updated','2023-05-18 10:11:52',NULL),(20,19,'134','2023-05-17 08:43:45',1,1,0,112,'2023-05-17 09:00:00',47,0,0,1,'','completed',NULL,'<p>* wala nadayon ug re-elect of officers ky dili ma qurom ang mga members apil na ang mga officers nila.</p>\r\n<p>* dili pa utangon ug rice ang mga dagko pa ug bayronon.</p>\r\n<p>* every meeting dapat mu data sa utang.</p>\r\n<p>* karong next meeting nila June 2, 2023 mihangyo sila f pwede mu attend si ma\'am Marilou.</p>','updated','2023-05-18 12:57:39',NULL),(21,18,'135','2023-05-17 10:22:34',1,10,0,1,'2023-05-11 10:22:14',0,0,0,0,'<p>Please indicate names of monitored beneficiaries and their status under the proceedings</p>','completed',NULL,'<p>Barangay Tipan - 8 individuals - Operational</p>\r\n<p>1. Jasinta Lumasag - monthly sales P18,000/ dili monthly ang kita sa ila baboyan&nbsp;</p>\r\n<p>2. Jefrey Lumasag - monthly sales 17,500/ dili monthly ang kita sa ila baboyan</p>\r\n<p>3. Genna Divino - sales 7,800/ expenses 6,000</p>\r\n<p>4. Annie Baron - sales 7,280/ expenses 4,800</p>\r\n<p>5. Maribeth Salibay - sales 40,000/ expenses 30,000</p>\r\n<p>6. Joan Dano - sales 5,000/ expenses 3,000</p>\r\n<p>7. Rosalinda Abal - operational(iya anak nagbantay)</p>\r\n<p>8. Erlanda Belarma - 39,000/ expenses monthly 25,000</p>','updated','2023-05-18 11:27:31','2023-05-18 07:23:10'),(22,18,'136','2023-05-17 10:48:44',1,1,0,112,'2023-05-17 10:48:29',0,0,0,1,'','pending',NULL,NULL,'to-update','0000-00-00 00:00:00',NULL),(23,15,'137','2023-05-18 15:28:38',1,4,0,111,'2023-05-17 08:00:00',113,1,0,0,'<p>Please make corrections</p>\n<p>Not Apil farmers Association and please correct also the amount</p>','completed',NULL,'<p>Discuss Annual Report &amp; Monitor the income</p>','updated','2023-05-22 10:40:56','2023-05-24 01:02:21'),(24,19,'138','2023-05-18 17:05:30',1,1,0,112,'2023-05-19 09:00:00',89,0,0,1,'','completed',NULL,'','updated','2023-05-19 15:34:56',NULL),(25,12,'139','2023-05-19 08:24:11',2,9,0,0,'2023-05-19 09:00:00',0,0,0,0,'','completed',NULL,'<p>Pre Construction Meeting at Lamac Lower Barangay Office:</p>\r\n<p>PROJECT NAME: CONCRETING OF G.H. DEL PILAR STREET (CEMETERY ROAD)&nbsp;</p>\r\n<p>LOCATION: BARANGAY LOWER LAMAC, OROQUIETA CITY</p>\r\n<p>CONTRACT DURATION: 104 Calendar Days</p>\r\n<p>CONTRACT EFFECTIVITY: May 22, 2023</p>\r\n<p>TARGET COMPLETION: September 2, 2023</p>\r\n<p>Source of Funds: 20% LDF-CY 2022(continuing)</p>\r\n<p>CONTRACT AMOUNT: P1,875,640.00</p>\r\n<p>CONTRACTOR: DDS BUILDERS</p>\r\n<p>The CEO will contact PESO if the project will start</p>\r\n<p>&nbsp;</p>','updated','2023-05-19 14:28:31',NULL),(26,12,'140','2023-05-19 08:26:01',2,9,0,0,'2023-05-19 10:30:00',0,0,0,0,'<p>is it possible to issue skilled workers referral?</p>','completed',NULL,'<p class=\"MsoNormal\" style=\"mso-margin-top-alt: auto; mso-margin-bottom-alt: auto; line-height: normal;\"><span style=\"font-size: 12.0pt; font-family: \'Times New Roman\',serif; mso-fareast-font-family: \'Times New Roman\';\">Pre Construction Meeting at Poblacion 1:</span></p>\r\n<p class=\"MsoNormal\" style=\"mso-margin-top-alt: auto; mso-margin-bottom-alt: auto; line-height: normal;\"><span style=\"font-size: 12.0pt; font-family: \'Times New Roman\',serif; mso-fareast-font-family: \'Times New Roman\';\">PROJECT NAME: CONSTRUCTION OF POBLACION 1 BARANGAY HEALTH CENTER</span></p>\r\n<p class=\"MsoNormal\" style=\"mso-margin-top-alt: auto; mso-margin-bottom-alt: auto; line-height: normal;\"><span style=\"font-size: 12.0pt; font-family: \'Times New Roman\',serif; mso-fareast-font-family: \'Times New Roman\';\">LOCATION: BARANGAY POBLACION 1, OROQUIETA CITY</span></p>\r\n<p class=\"MsoNormal\" style=\"mso-margin-top-alt: auto; mso-margin-bottom-alt: auto; line-height: normal;\"><span style=\"font-size: 12.0pt; font-family: \'Times New Roman\',serif; mso-fareast-font-family: \'Times New Roman\';\">CONTRACT DURATION: 105 Calendar Days</span></p>\r\n<p class=\"MsoNormal\" style=\"mso-margin-top-alt: auto; mso-margin-bottom-alt: auto; line-height: normal;\"><span style=\"font-size: 12.0pt; font-family: \'Times New Roman\',serif; mso-fareast-font-family: \'Times New Roman\';\">CONTRACT EFFECTIVITY: May 19, 2023</span></p>\r\n<p class=\"MsoNormal\" style=\"mso-margin-top-alt: auto; mso-margin-bottom-alt: auto; line-height: normal;\"><span style=\"font-size: 12.0pt; font-family: \'Times New Roman\',serif; mso-fareast-font-family: \'Times New Roman\';\">TARGET COMPLETION: August 31, 2023</span></p>\r\n<p class=\"MsoNormal\" style=\"mso-margin-top-alt: auto; mso-margin-bottom-alt: auto; line-height: normal;\"><span style=\"font-size: 12.0pt; font-family: \'Times New Roman\',serif; mso-fareast-font-family: \'Times New Roman\';\">Source of Funds: 20% LDF-CY 2022(continuing)</span></p>\r\n<p class=\"MsoNormal\" style=\"mso-margin-top-alt: auto; mso-margin-bottom-alt: auto; line-height: normal;\"><span style=\"font-size: 12.0pt; font-family: \'Times New Roman\',serif; mso-fareast-font-family: \'Times New Roman\';\">CONTRACT AMOUNT: P1,822,700.00</span></p>\r\n<p class=\"MsoNormal\" style=\"mso-margin-top-alt: auto; mso-margin-bottom-alt: auto; line-height: normal;\"><span style=\"font-size: 12.0pt; font-family: \'Times New Roman\',serif; mso-fareast-font-family: \'Times New Roman\';\">CONTRACTOR: SBU BUILDERS AND GENERAL MERCHANDISE</span></p>\r\n<p class=\"MsoNormal\" style=\"mso-margin-top-alt: auto; mso-margin-bottom-alt: auto; line-height: normal;\"><span style=\"font-size: 12.0pt; font-family: \'Times New Roman\',serif; mso-fareast-font-family: \'Times New Roman\';\">The CEO will contact PESO if the project will start</span></p>\r\n<p class=\"MsoNormal\">&nbsp;</p>','updated','2023-05-19 14:34:25','2023-05-22 02:28:38'),(27,18,'141','2023-05-22 11:21:21',1,4,0,111,'2023-05-22 10:00:00',53,1,0,0,'<p>Why is that the COH not equal or more than the total colelctions? Please monitor their monthly repayment scheme and identify those who did not pay regularly.</p>','completed',NULL,'<p>Discuss Annual Report &amp; Monitored the income</p>\r\n<p>Total monthly dues as of April P680.00</p>\r\n<p>&nbsp;</p>\r\n<p>***Sir nasayop daw sila hatag sa report atong cash on hand &amp; collection/sales</p>\r\n<p>* January to May collectibles Monthly Dues</p>\r\n<p>1. Evelyn Campugan - 100</p>\r\n<p>2. Gordino Cuerdo - 100</p>\r\n<p>3. Cristina Preito - 100</p>\r\n<p>4. Jerry Sularte - 100</p>\r\n<p>5. Nena Batasa - 100</p>','updated','2023-06-02 16:06:31','2023-06-02 08:06:48'),(28,13,'142','2023-05-29 16:13:53',2,6,0,22,'2023-05-29 16:13:42',0,0,0,0,'<p>update the no. of trainees</p>','completed','2023-06-19 14:20:12','<p>No. of participants - 69; Female-34</p>\r\n<p>Name of Trainor: Lorraine Roa</p>','updated','2023-06-07 16:45:41','2023-06-07 08:46:22'),(29,13,'143','2023-05-29 16:28:29',2,6,0,22,'2023-05-29 16:13:42',0,0,0,0,'<p>Update the # of pax, etc</p>','completed','2023-06-19 14:20:16','<p>No. of Participants - 146; Female-116</p>\r\n<p>Name of Trainor: Lovely Liezl B. Yape</p>','updated','2023-06-07 16:44:07','2023-06-07 08:46:14'),(30,13,'144','2023-05-30 13:36:24',2,6,0,51,'2023-05-30 01:17:03',0,0,0,0,'','completed',NULL,NULL,'to-update','0000-00-00 00:00:00',NULL),(31,12,'145','2023-05-30 13:38:06',2,6,0,22,'2023-05-30 01:17:03',0,0,0,0,'<p>Please indicate the names of trainers, etc in the AS</p>','completed',NULL,NULL,'to-update','0000-00-00 00:00:00','2023-06-02 05:53:55'),(32,18,'146','2023-05-30 15:17:17',1,10,0,110,'2023-05-16 13:30:00',0,0,0,0,'','completed',NULL,'<p>Brgy. Toliyok&nbsp;</p>\r\n<p>&nbsp;</p>\r\n<p>1. Marjory Malayon - Operational(naay tindahan walay tawo)</p>\r\n<p>2. Anabel Raya - sales P21,000 (wala na kapalit ug baboy kay na apektuhan&nbsp; &nbsp; &nbsp; &nbsp; &nbsp; &nbsp; &nbsp; &nbsp; &nbsp; &nbsp; &nbsp; &nbsp; &nbsp; &nbsp;sila sa baha</p>\r\n<p>3. Rosemarie Sucalit - Sales P20,000(wala na kapalit kay naapektuhan&nbsp; &nbsp; &nbsp; &nbsp; &nbsp; &nbsp; &nbsp; &nbsp; &nbsp; &nbsp; &nbsp; &nbsp; &nbsp; &nbsp; &nbsp; &nbsp; &nbsp; &nbsp; &nbsp; &nbsp; &nbsp; sa baha)</p>\r\n<p>4. Christine S. Ondong - Monthly sales P15,000 / Expenses P10,000</p>\r\n<p>5. Renel Apoy - Sales P20,000 / Expenses P13,000</p>\r\n<p>6. Ronilyn Damason - Sales P18,000 / Expenses P15,000</p>\r\n<p>&nbsp;</p>','updated','2023-05-30 15:35:26',NULL),(33,18,'147','2023-05-30 15:38:52',1,1,0,112,'2023-05-26 08:30:00',96,0,0,1,'','completed',NULL,NULL,'to-update','0000-00-00 00:00:00',NULL),(34,18,'148','2023-05-30 16:11:34',1,4,0,111,'2023-05-26 08:30:00',96,1,0,0,'','completed',NULL,'<p>issue/concern:</p>\r\n<p>* Na uyunan nila ang rubber gloves instead sa plastic gloves except sa sweetcorn cart, dili daw xa pwede mu gamit sa rubber gloves kay tungod init iya mais</p>\r\n<p>* tanan member na renew ila peddlers permit &amp; health card</p>\r\n<p>* magsubmitte ra sila ug letter sa OCM for requesting to use table n chair</p>','updated','2023-05-30 16:27:23',NULL),(35,18,'149','2023-05-31 15:25:17',1,4,0,111,'2023-05-31 09:30:00',53,1,0,0,'<p>List of Names with corresponding receivables</p>','completed',NULL,'<p>Marissa Canete - 1,650</p>\r\n<p>Evelyn Campugan - 2,506</p>\r\n<p>Lea Baylen - 2,500</p>\r\n<p>Allan Abuton - 1,780</p>\r\n<p>Jocelyn Abuton - 940</p>\r\n<p>Analyn Saturre - 1,975</p>\r\n<p>Total receivable = 11,351</p>','updated','2023-06-02 15:55:23','2023-06-02 07:55:45'),(36,18,'150','2023-06-01 08:41:47',1,1,0,112,'2023-05-31 09:30:00',53,0,0,1,'','completed',NULL,'<p>Agenda:</p>\r\n<p>&nbsp;</p>\r\n<p>*Monthly Dues month of May P800.00</p>\r\n<p>*Kauyunan sa tanan manglimpyo sa tungod sa pagsugod ug tinda sa paghuman ug tinda before muhawa.</p>\r\n<p>*preparing uniform sa coming coop month celebration&nbsp;</p>\r\n<p>*kauyunan na maggamit ug bolseta ug dili na mugamit sa plastic cellophane</p>','updated','2023-06-01 08:53:31',NULL),(37,19,'151','2023-06-02 08:36:50',1,1,0,112,'2023-06-02 09:00:00',47,0,0,1,'','completed',NULL,'<p>* Gisugdan ang meeting bisan wala sila na quorom ky dghan members wala mi attend</p>\r\n<p>* Mag himo ug notice meeting para sa sunod nga monthly meeting (July 7)</p>\r\n<p>* next meeting dal.on ilang by laws.</p>','updated','2023-06-02 17:13:30',NULL),(38,19,'152','2023-06-02 08:38:00',1,4,0,111,'2023-06-02 09:00:00',47,1,0,0,'','completed',NULL,'<p>RECEIVABLES</p>\r\n<p>1. Aliver Montejo- 1200.00</p>\r\n<p>2. Elsa Calo - 1150.00</p>\r\n<p>3. Pejie Jambo - 800.00</p>\r\n<p>4. Jaracel Ritcha - (daan)1690 + 1500(new)</p>\r\n<p>5. Judith Ato - 2079.00</p>\r\n<p>6. Conchita Potutan - 1150.00</p>\r\n<p>7. Judith Jumao-as - 1179.00</p>\r\n<p>8. Maricel Pandac - 1829.00</p>\r\n<p>9. Carmelita Tillo - 829.00</p>\r\n<p>10. Bernabe Jumao-as - 679.00</p>\r\n<p>11. Elizabeth Lumasag - 979.00</p>\r\n<p>12. Merly Badiang - 779.00</p>\r\n<p>13. Maria Quibol - 100.00</p>\r\n<p>14. Ma. Luz Velono - 229.00</p>\r\n<p>15. Cheryl Flores - 1100.00</p>\r\n<p>16. Generosa Lumasag - 679.00</p>\r\n<p>17. Arlyn Ma&ntilde;abo - 829.00</p>\r\n<p>18. Emily Cobero - 1200.00</p>\r\n<p>19. Genelyn Cotales - 600.00</p>\r\n<p>20. Dermabie Labad - 579.00</p>\r\n<p>21. Estrella Bestodio - 550.00</p>\r\n<p>22. Liza Camilo - (daan)1850.00 + 3000.00</p>\r\n<p>23. Zoraida Ayuno - 1150.00</p>\r\n<p>24. Carol Luz Simpson - 629.00</p>\r\n<p>25. Marilou Yting - 500.00</p>\r\n<p>26. Roel Maghinay - 1100.00</p>\r\n<p>27. Hever Montejo - 1100.00</p>\r\n<p>28. Imelda Salibay - 960.00</p>\r\n<p>29. Marmand Ritcha - 629.00</p>\r\n<p>30. Arnel Garganera - 1929.00</p>\r\n<p>31. Marife Salibay - 1729</p>\r\n<p>32. Medelyn Calo - 579.00</p>\r\n<p>33. Genoviva Hinoctan - 1150.00</p>\r\n<p>34. Marga Pangasian - 579.00</p>\r\n<p>35. Neru Palanas - 1500.00</p>\r\n<p>36. Archie Ibasan - 629.00</p>\r\n<p>37. Esterlita Baguio - 1150.00</p>\r\n<p>38. Lydia Antigua - 600.00</p>\r\n<p>39. Candelaria Cueva - 829.00</p>\r\n<p>40. Evelyn Nacinopa - 1100.00</p>\r\n<p>41. Esmael Salibay - 629.00</p>\r\n<p>42. Merlinda Saludsod - 1600.00</p>\r\n<p>43. Lining Baguio - 1100.00</p>\r\n<p>44. Bebei Potutan - 100.00</p>\r\n<p>45. Ron-ron Flores - 700.00</p>\r\n<p>46. Eugene Calubag - 1100.00</p>\r\n<p>47. Mayumi Ibasan - 1200.00</p>\r\n<p>48. Ranillo Montejo - 800.00</p>\r\n<p>49. Lita Pableo - 1100.00</p>\r\n<p>50. Beverly Polescas - 250.00</p>\r\n<p>51. Marlyn Noval - 250.00</p>\r\n<p>52. Candelaria Cuevas - 829.00</p>\r\n<p>53. Nora Yarag - 1100.00</p>\r\n<p>&nbsp;</p>','updated','2023-06-02 17:02:02',NULL),(39,12,'153','2023-06-02 08:52:26',2,6,0,22,'2023-06-02 09:30:00',0,0,0,0,'<p>pls update indicating the number of attendees</p>','completed','2023-06-19 14:20:20',NULL,'to-update','0000-00-00 00:00:00','2023-06-07 09:27:16'),(40,21,'154','2023-06-02 14:31:47',1,4,0,112,'2023-06-02 13:54:51',114,1,0,0,'','completed',NULL,'<p>The amount indicated in the Total Collection/ Sales as of May (partial)</p>','updated','2023-06-02 14:43:26',NULL),(41,18,'155','2023-06-02 16:11:55',1,4,0,111,'2023-06-01 14:00:00',84,1,0,0,'','completed',NULL,NULL,'to-update','0000-00-00 00:00:00',NULL),(42,18,'156','2023-06-02 16:26:16',1,1,0,112,'2023-06-01 14:00:00',84,0,0,1,'','completed',NULL,'<p>Issues and concern:</p>\r\n<p>*maglisod sila ug submitte ug annual report kay wala sila copy sa previous record</p>\r\n<p>*wala sila copy sa by-laws and COR</p>\r\n<p>*nag attend si sir Boy sa ila meeting kay nag suggest ang mga member kung pwede ba sila mangayo ug assistance, ang tubag ni sir Boy mag submitte sila ug resolution sa Dole.</p>','updated','2023-06-02 16:35:34',NULL),(43,18,'157','2023-06-02 16:44:28',1,1,0,112,'2023-06-02 13:30:00',57,0,0,1,'','completed',NULL,'<p>Agenda:&nbsp;</p>\r\n<p>Financial Report Month of May</p>\r\n<p>Issues and concern:</p>\r\n<p>*suggest sila kung pwede ba daw e extend ang minutes sa ila SWD back &amp; Reflex kay ang uban client hingreklamo na mubo ra daw ang oras. 45 mins. ila gi suggest.</p>\r\n<p>*suggest sila kung magsaba-saba mag penalty sila ug Piso tagasaba na dili related sa work.</p>','updated','2023-06-02 16:52:04',NULL),(44,18,'158','2023-06-02 16:56:04',1,4,0,112,'2023-06-02 13:30:00',57,1,0,0,'','completed',NULL,NULL,'to-update','0000-00-00 00:00:00',NULL),(45,19,'159','2023-06-05 10:02:25',1,1,0,112,'2023-06-05 13:00:00',36,0,0,1,'','completed','2023-07-31 14:22:15','<p>* nag remind si president Tumilap sa utangan sa bugas nga anaman ug bayad</p>\r\n<p>* next monthly meeting nila sooton nila ilang yellow uniform</p>','updated','2023-06-30 16:18:03',NULL),(46,19,'160','2023-06-05 10:04:21',1,4,0,111,'2023-06-05 13:00:00',36,1,0,0,'','completed','2023-07-31 14:22:33','<p>* Collectibles 16, 548.00</p>\r\n<p>&nbsp;</p>','updated','2023-07-26 09:41:48',NULL),(47,19,'161','2023-06-06 09:29:35',1,1,0,112,'2023-06-06 09:00:00',145,0,0,1,'','completed','2023-07-31 14:22:53','','updated','2023-06-30 08:56:50',NULL),(48,19,'162','2023-06-06 09:30:47',1,4,0,111,'2023-06-06 09:00:00',145,1,0,0,'','completed','2023-07-31 14:23:24','<p>* Nag microfinance ang ilang association bulan sa mayo. Nag withdraw sila ug 106,200 para start-up sa ilang microfinance.</p>\r\n<p>*bulan sa hunyo naka released sila ug 3 half sack.</p>','updated','2023-06-30 09:03:40',NULL),(49,12,'163','2023-06-06 10:48:24',2,6,0,22,'2023-06-05 13:30:00',0,0,0,0,'<p>Please update attendees</p>','completed',NULL,'<p>No.of Participants - 20; Female- 17</p>\r\n<p>Name of Trainor: Mary Princess Dano</p>','updated','2023-06-07 17:26:52','2023-06-07 09:30:50'),(50,18,'164','2023-06-06 11:20:56',1,1,0,112,'2023-06-05 09:00:00',93,0,0,1,'','completed',NULL,'<p>Agenda:&nbsp;</p>\r\n<p>Preparation PWDs Month (NDPR activity) on July (tentative date)</p>\r\n<p>&nbsp; &nbsp; &nbsp; Activities:*medical mession *got talent&nbsp;</p>\r\n<p>Issues &amp; concern:</p>\r\n<p>*suggest sila mangayo ug area for meeting para sa mga pwd kay wala silay sakto area</p>\r\n<p>*suggest pod sila for PDW transportation</p>\r\n<p>*nag invite sila ni sir Mark sa NDPR activity, magmeeting sila balik sa July 4, for the activity with mam Julie ann.</p>\r\n<p>*mu visit si mam Manlawe magpatabang sa ila Financial Report for SEC.</p>\r\n<p>&nbsp; &nbsp; &nbsp; &nbsp; &nbsp; &nbsp; &nbsp; &nbsp;</p>','updated','2023-06-06 11:37:38',NULL),(51,13,'165','2023-06-06 12:04:31',5,6,0,136,'2023-06-06 12:04:26',0,0,0,0,'<p>please inidcate attendees</p>','completed',NULL,'<p>No. Participants - 7; Female- 5</p>','updated','2023-06-07 15:57:46','2023-06-07 08:46:03'),(52,13,'166','2023-06-06 13:16:04',2,7,0,31,'2023-05-31 12:04:26',0,0,0,0,'','completed',NULL,'<p>JOLLY MANAGEMENTS SOLUTIONS, INC.</p>\r\n<p>Registrant - 22; Female - 15</p>\r\n<p>FFI - 22</p>','updated','2023-06-08 10:23:38',NULL),(53,18,'167','2023-06-07 15:51:47',1,4,0,111,'2023-06-05 09:00:00',93,1,0,0,'','completed',NULL,NULL,'to-update','0000-00-00 00:00:00',NULL),(54,12,'168','2023-06-07 18:12:16',2,6,0,65,'2023-06-07 13:15:00',0,0,0,0,'','completed','2023-06-19 14:07:28','<p style=\"margin: 0in; margin-bottom: .0001pt; line-height: 19.5pt;\"><strong style=\"mso-bidi-font-weight: normal;\"><span style=\"font-size: 11.5pt; font-family: \'Arial\',sans-serif; color: #444444;\">PROJECT TITLE:</span></strong><span style=\"font-size: 11.5pt; font-family: \'Arial\',sans-serif; color: #444444;\">23KI0002-Rehabilitation(Completion) of MPB</span></p>\r\n<p style=\"margin: 0in; margin-bottom: .0001pt; line-height: 19.5pt;\"><strong style=\"mso-bidi-font-weight: normal;\"><span style=\"font-size: 11.5pt; font-family: \'Arial\',sans-serif; color: #444444;\">CONTRACTOR:</span></strong><span style=\"font-size: 11.5pt; font-family: \'Arial\',sans-serif; color: #444444;\">DDS Builders</span></p>\r\n<p style=\"margin: 0in; margin-bottom: .0001pt; line-height: 19.5pt;\"><strong style=\"mso-bidi-font-weight: normal;\"><span style=\"font-size: 11.5pt; font-family: \'Arial\',sans-serif; color: #444444;\">PROJECT LOCATION:</span></strong><span style=\"font-size: 11.5pt; font-family: \'Arial\',sans-serif; color: #444444;\">&nbsp;Tuyabang Bajo, Oroquieta City</span></p>\r\n<p style=\"margin: 0in; margin-bottom: .0001pt; line-height: 19.5pt;\"><strong style=\"mso-bidi-font-weight: normal;\"><span style=\"font-size: 11.5pt; font-family: \'Arial\',sans-serif; color: #444444;\">PROJECT NATURE:</span></strong><span style=\"font-size: 11.5pt; font-family: \'Arial\',sans-serif; color: #444444;\">&nbsp;DPWH 1st District Implemented</span></p>\r\n<p style=\"margin: 0in; margin-bottom: .0001pt; line-height: 19.5pt;\"><strong style=\"mso-bidi-font-weight: normal;\"><span style=\"font-size: 11.5pt; font-family: \'Arial\',sans-serif; color: #444444;\">PROJECT COST:</span></strong><span style=\"font-size: 11.5pt; font-family: \'Arial\',sans-serif; color: #444444;\"> Php 1,936,693.51</span></p>\r\n<p style=\"margin: 0in; margin-bottom: .0001pt; line-height: 19.5pt;\"><strong style=\"mso-bidi-font-weight: normal;\"><span style=\"font-size: 11.5pt; font-family: \'Arial\',sans-serif; color: #444444;\">DATE STARTED:</span></strong><span style=\"font-size: 11.5pt; font-family: \'Arial\',sans-serif; color: #444444;\">February 16</span><span style=\"font-size: 11.5pt; font-family: \'Arial\',sans-serif; color: #444444;\">, 2023</span></p>\r\n<p style=\"margin: 0in; margin-bottom: .0001pt; line-height: 19.5pt;\"><strong style=\"mso-bidi-font-weight: normal;\"><span style=\"font-size: 11.5pt; font-family: \'Arial\',sans-serif; color: #444444;\">DATE OF MONITORING:</span></strong><span style=\"font-size: 11.5pt; font-family: \'Arial\',sans-serif; color: #444444;\">June 07</span><span style=\"font-size: 11.5pt; font-family: \'Arial\',sans-serif; color: #444444;\">, 2023 @ 1:15PM</span></p>\r\n<p style=\"margin: 0in; margin-bottom: .0001pt; line-height: 19.5pt;\"><strong style=\"mso-bidi-font-weight: normal;\"><span style=\"font-size: 11.5pt; font-family: \'Arial\',sans-serif; color: #444444;\">SPECIFIC ACTIVITY:</span></strong><span style=\"font-size: 11.5pt; font-family: \'Arial\',sans-serif; color: #444444;\">concrete works-concrete wall finish</span></p>\r\n<p style=\"margin: 0in; margin-bottom: .0001pt; line-height: 19.5pt;\"><strong style=\"mso-bidi-font-weight: normal;\"><span style=\"font-size: 11.5pt; font-family: \'Arial\',sans-serif; color: #444444;\">Percentage of SKILLED WORKERS</span></strong><span style=\"font-size: 11.5pt; font-family: \'Arial\',sans-serif; color: #444444;\">-100%, LHSW-4 from Far barangay(San Vicente Alto and Talic)&nbsp;</span></p>\r\n<p style=\"margin: 0in; margin-bottom: .0001pt; line-height: 19.5pt;\"><strong style=\"mso-bidi-font-weight: normal;\"><span style=\"font-size: 11.5pt; font-family: \'Arial\',sans-serif; color: #444444;\">Percentage of SKILLED WORKERS</span></strong><span style=\"font-size: 11.5pt; font-family: \'Arial\',sans-serif; color: #444444;\">-100%, LHUSW-7 from Within Project barangay(57.14%-Tuyabang Bajo,4) and Far barangay(42.86%-Talic,3)</span></p>\r\n<p style=\"margin: 0in; margin-bottom: .0001pt; line-height: 19.5pt;\"><span style=\"font-size: 11.5pt; font-family: \'Arial\',sans-serif; color: #444444;\"><strong style=\"color: #000000; font-family: Verdana, Arial, Helvetica, sans-serif; font-size: 14px;\"><span style=\"font-size: 11.5pt; font-family: \'Arial\',sans-serif; mso-fareast-font-family: \'Times New Roman\'; color: red;\">COMPLIANT</span></strong>-based on Labor Localization Ordinance</span></p>','updated','2023-06-16 17:12:50',NULL),(55,12,'169','2023-06-07 18:14:16',2,6,0,65,'2023-06-07 13:45:00',0,0,0,0,'','completed','2023-06-19 14:12:03','<p style=\"margin: 0in; margin-bottom: .0001pt; line-height: 19.5pt;\"><strong style=\"mso-bidi-font-weight: normal;\"><span style=\"font-size: 11.5pt; font-family: \'Arial\',sans-serif; color: #444444;\">PROJECT TITLE:</span></strong><span style=\"font-size: 11.5pt; font-family: \'Arial\',sans-serif; color: #444444;\">23KI0003-Rehabilitation (Completion) of MPB</span></p>\r\n<p style=\"margin: 0in; margin-bottom: .0001pt; line-height: 19.5pt;\"><strong style=\"mso-bidi-font-weight: normal;\"><span style=\"font-size: 11.5pt; font-family: \'Arial\',sans-serif; color: #444444;\">CONTRACTOR:</span></strong><span style=\"font-size: 11.5pt; font-family: \'Arial\',sans-serif; color: #444444;\">DDS Builders</span></p>\r\n<p style=\"margin: 0in; margin-bottom: .0001pt; line-height: 19.5pt;\"><strong style=\"mso-bidi-font-weight: normal;\"><span style=\"font-size: 11.5pt; font-family: \'Arial\',sans-serif; color: #444444;\">PROJECT LOCATION:</span></strong><span style=\"font-size: 11.5pt; font-family: \'Arial\',sans-serif; color: #444444;\">Ciriaco Pastrano</span><span style=\"font-size: 11.5pt; font-family: \'Arial\',sans-serif; color: #444444;\">, Oroquieta City</span></p>\r\n<p style=\"margin: 0in; margin-bottom: .0001pt; line-height: 19.5pt;\"><strong style=\"mso-bidi-font-weight: normal;\"><span style=\"font-size: 11.5pt; font-family: \'Arial\',sans-serif; color: #444444;\">PROJECT NATURE:</span></strong><span style=\"font-size: 11.5pt; font-family: \'Arial\',sans-serif; color: #444444;\">&nbsp;DPWH 1st District Implemented</span></p>\r\n<p style=\"margin: 0in; margin-bottom: .0001pt; line-height: 19.5pt;\"><strong style=\"mso-bidi-font-weight: normal;\"><span style=\"font-size: 11.5pt; font-family: \'Arial\',sans-serif; color: #444444;\">PROJECT COST:</span></strong><span style=\"font-size: 11.5pt; font-family: \'Arial\',sans-serif; color: #444444;\"> Php 1,901,432.62</span></p>\r\n<p style=\"margin: 0in; margin-bottom: .0001pt; line-height: 19.5pt;\"><strong style=\"mso-bidi-font-weight: normal;\"><span style=\"font-size: 11.5pt; font-family: \'Arial\',sans-serif; color: #444444;\">DATE STARTED:</span></strong><span style=\"font-size: 11.5pt; font-family: \'Arial\',sans-serif; color: #444444;\">April 11</span><span style=\"font-size: 11.5pt; font-family: \'Arial\',sans-serif; color: #444444;\">, 2023</span></p>\r\n<p style=\"margin: 0in; margin-bottom: .0001pt; line-height: 19.5pt;\"><strong style=\"mso-bidi-font-weight: normal;\"><span style=\"font-size: 11.5pt; font-family: \'Arial\',sans-serif; color: #444444;\">DATE OF MONITORING:</span></strong><span style=\"font-size: 11.5pt; font-family: \'Arial\',sans-serif; color: #444444;\">June 07</span><span style=\"font-size: 11.5pt; font-family: \'Arial\',sans-serif; color: #444444;\">, 2023 @ 1:45PM</span></p>\r\n<p style=\"margin: 0in; margin-bottom: .0001pt; line-height: 19.5pt;\"><strong style=\"mso-bidi-font-weight: normal;\"><span style=\"font-size: 11.5pt; font-family: \'Arial\',sans-serif; color: #444444;\">SPECIFIC ACTIVITY:</span></strong><span style=\"font-size: 11.5pt; font-family: \'Arial\',sans-serif; color: #444444;\">preparing for welding works</span></p>\r\n<p style=\"margin: 0in; margin-bottom: .0001pt; line-height: 19.5pt;\"><strong style=\"mso-bidi-font-weight: normal;\"><span style=\"font-size: 11.5pt; font-family: \'Arial\',sans-serif; color: #444444;\">Percentage of SKILLED WORKERS</span></strong><span style=\"font-size: 11.5pt; font-family: \'Arial\',sans-serif; color: #444444;\">-66.67%, LHSW-2 from Far barangay(Langcangan Proper, Talic) and 1 from Outside Oroquieta</span></p>\r\n<p style=\"margin: 0in; margin-bottom: .0001pt; line-height: 19.5pt;\"><strong style=\"mso-bidi-font-weight: normal;\"><span style=\"font-size: 11.5pt; font-family: \'Arial\',sans-serif; color: #444444;\">Percentage of SKILLED WORKERS</span></strong><span style=\"font-size: 11.5pt; font-family: \'Arial\',sans-serif; color: #444444;\">-100%, LHUSW-3 from Within Project barangay(Ciriaco Pastrano) and Far barangay(Talic)</span></p>\r\n<p style=\"margin: 0in; margin-bottom: .0001pt; line-height: 19.5pt;\"><span style=\"font-size: 11.5pt; font-family: \'Arial\',sans-serif; color: #444444;\"><strong style=\"color: #000000; font-family: Verdana, Arial, Helvetica, sans-serif; font-size: 14px;\"><span style=\"font-size: 11.5pt; font-family: \'Arial\',sans-serif; mso-fareast-font-family: \'Times New Roman\'; color: red;\">COMPLIANT</span></strong>-based on Labor Localization Ordinance</span></p>','updated','2023-06-16 17:12:14',NULL),(56,12,'170','2023-06-07 18:26:11',2,6,0,65,'2023-06-07 14:15:00',0,0,0,0,'','completed','2023-06-19 14:12:38','<p style=\"margin: 0in; margin-bottom: .0001pt; line-height: 19.5pt;\"><strong style=\"mso-bidi-font-weight: normal;\"><span style=\"font-size: 11.5pt; font-family: \'Arial\',sans-serif; color: #444444;\">PROJECT TITLE:</span></strong><span style=\"font-size: 11.5pt; font-family: \'Arial\',sans-serif; color: #444444;\">23KI0034-Rehabilitation(Completion) of MPB</span></p>\r\n<p style=\"margin: 0in; margin-bottom: .0001pt; line-height: 19.5pt;\"><strong style=\"mso-bidi-font-weight: normal;\"><span style=\"font-size: 11.5pt; font-family: \'Arial\',sans-serif; color: #444444;\">CONTRACTOR:</span></strong><span style=\"font-size: 11.5pt; font-family: \'Arial\',sans-serif; color: #444444;\">DDS BUILDERS</span></p>\r\n<p style=\"margin: 0in; margin-bottom: .0001pt; line-height: 19.5pt;\"><strong style=\"mso-bidi-font-weight: normal;\"><span style=\"font-size: 11.5pt; font-family: \'Arial\',sans-serif; color: #444444;\">PROJECT LOCATION:</span></strong><span style=\"font-size: 11.5pt; font-family: \'Arial\',sans-serif; color: #444444;\">Dolipos Bajo</span><span style=\"font-size: 11.5pt; font-family: \'Arial\',sans-serif; color: #444444;\">, Oroquieta City</span></p>\r\n<p style=\"margin: 0in; margin-bottom: .0001pt; line-height: 19.5pt;\"><strong style=\"mso-bidi-font-weight: normal;\"><span style=\"font-size: 11.5pt; font-family: \'Arial\',sans-serif; color: #444444;\">PROJECT NATURE:</span></strong><span style=\"font-size: 11.5pt; font-family: \'Arial\',sans-serif; color: #444444;\"><span style=\"mso-spacerun: yes;\">DPWH 1st District&nbsp;</span>Implemented</span></p>\r\n<p style=\"margin: 0in; margin-bottom: .0001pt; line-height: 19.5pt;\"><strong style=\"mso-bidi-font-weight: normal;\"><span style=\"font-size: 11.5pt; font-family: \'Arial\',sans-serif; color: #444444;\">PROJECT COST:</span></strong><span style=\"font-size: 11.5pt; font-family: \'Arial\',sans-serif; color: #444444;\">Php 1,944,313.48</span></p>\r\n<p style=\"margin: 0in; margin-bottom: .0001pt; line-height: 19.5pt;\"><strong style=\"mso-bidi-font-weight: normal;\"><span style=\"font-size: 11.5pt; font-family: \'Arial\',sans-serif; color: #444444;\">DATE STARTED:</span></strong><span style=\"font-size: 11.5pt; font-family: \'Arial\',sans-serif; color: #444444;\">April 02</span><span style=\"font-size: 11.5pt; font-family: \'Arial\',sans-serif; color: #444444;\">, 2023</span></p>\r\n<p style=\"margin: 0in; margin-bottom: .0001pt; line-height: 19.5pt;\"><strong style=\"mso-bidi-font-weight: normal;\"><span style=\"font-size: 11.5pt; font-family: \'Arial\',sans-serif; color: #444444;\">DATE OF MONITORING:</span></strong><span style=\"font-size: 11.5pt; font-family: \'Arial\',sans-serif; color: #444444;\">June 07</span><span style=\"font-size: 11.5pt; font-family: \'Arial\',sans-serif; color: #444444;\"> , 2023 @ 2:15PM</span></p>\r\n<p style=\"margin: 0in; margin-bottom: .0001pt; line-height: 19.5pt;\"><strong style=\"mso-bidi-font-weight: normal;\"><span style=\"font-size: 11.5pt; font-family: \'Arial\',sans-serif; color: #444444;\">SPECIFIC ACTIVITY:</span></strong><span style=\"font-size: 11.5pt; font-family: \'Arial\',sans-serif; color: #444444;\">railings and ceiling works, welding works</span></p>\r\n<p style=\"margin: 0in; margin-bottom: .0001pt; line-height: 19.5pt;\"><strong style=\"mso-bidi-font-weight: normal;\"><span style=\"font-size: 11.5pt; font-family: \'Arial\',sans-serif; color: #444444;\">Percentage of SKILLED WORKERS</span></strong><span style=\"font-size: 11.5pt; font-family: \'Arial\',sans-serif; color: #444444;\">-0%, LHSW-No locals hired</span></p>\r\n<p style=\"margin: 0in; margin-bottom: .0001pt; line-height: 19.5pt;\"><strong style=\"mso-bidi-font-weight: normal;\"><span style=\"font-size: 11.5pt; font-family: \'Arial\',sans-serif; color: #444444;\">Percentage of SKILLED WORKERS</span></strong><span style=\"font-size: 11.5pt; font-family: \'Arial\',sans-serif; color: #444444;\">-0%, LHUSW-No locals hired&nbsp;</span></p>\r\n<p style=\"margin: 0in; margin-bottom: .0001pt; line-height: 19.5pt;\"><span style=\"font-size: 11.5pt; font-family: \'Arial\',sans-serif; color: #444444;\"><strong style=\"color: #000000; font-family: Verdana, Arial, Helvetica, sans-serif; font-size: 14px;\"><span style=\"font-size: 11.5pt; font-family: \'Arial\',sans-serif; mso-fareast-font-family: \'Times New Roman\'; color: red;\">NON COMPLIANT</span></strong>-based on Labor Localization Ordinance</span></p>','updated','2023-06-16 17:14:44',NULL),(57,12,'171','2023-06-07 18:29:29',2,6,0,65,'2023-06-07 14:50:00',0,0,0,0,'','completed','2023-06-19 14:13:16','<p style=\"margin: 0in; margin-bottom: .0001pt; line-height: 19.5pt;\"><strong style=\"mso-bidi-font-weight: normal;\"><span style=\"font-size: 11.5pt; font-family: \'Arial\',sans-serif; color: #444444;\">PROJECT TITLE:</span></strong><span style=\"font-size: 11.5pt; font-family: \'Arial\',sans-serif; color: #444444;\">23KI0011-Rehabilitation(Completion) of MPB</span></p>\r\n<p style=\"margin: 0in; margin-bottom: .0001pt; line-height: 19.5pt;\"><strong style=\"mso-bidi-font-weight: normal;\"><span style=\"font-size: 11.5pt; font-family: \'Arial\',sans-serif; color: #444444;\">CONTRACTOR:</span></strong><span style=\"font-size: 11.5pt; font-family: \'Arial\',sans-serif; color: #444444;\">DDS Builders</span></p>\r\n<p style=\"margin: 0in; margin-bottom: .0001pt; line-height: 19.5pt;\"><strong style=\"mso-bidi-font-weight: normal;\"><span style=\"font-size: 11.5pt; font-family: \'Arial\',sans-serif; color: #444444;\">PROJECT LOCATION:</span></strong><span style=\"font-size: 11.5pt; font-family: \'Arial\',sans-serif; color: #444444;\">Dullan Norte</span><span style=\"font-size: 11.5pt; font-family: \'Arial\',sans-serif; color: #444444;\">, Oroquieta City</span></p>\r\n<p style=\"margin: 0in; margin-bottom: .0001pt; line-height: 19.5pt;\"><strong style=\"mso-bidi-font-weight: normal;\"><span style=\"font-size: 11.5pt; font-family: \'Arial\',sans-serif; color: #444444;\">PROJECT NATURE:</span></strong><span style=\"font-size: 11.5pt; font-family: \'Arial\',sans-serif; color: #444444;\">DPWH 1st District</span><span style=\"font-size: 11.5pt; font-family: \'Arial\',sans-serif; color: #444444;\"> Implemented</span></p>\r\n<p style=\"margin: 0in; margin-bottom: .0001pt; line-height: 19.5pt;\"><strong style=\"mso-bidi-font-weight: normal;\"><span style=\"font-size: 11.5pt; font-family: \'Arial\',sans-serif; color: #444444;\">PROJECT COST:</span></strong><span style=\"font-size: 11.5pt; font-family: \'Arial\',sans-serif; color: #444444;\">Php 1,926.240.69</span></p>\r\n<p style=\"margin: 0in; margin-bottom: .0001pt; line-height: 19.5pt;\"><strong style=\"mso-bidi-font-weight: normal;\"><span style=\"font-size: 11.5pt; font-family: \'Arial\',sans-serif; color: #444444;\">DATE STARTED:</span></strong><span style=\"font-size: 11.5pt; font-family: \'Arial\',sans-serif; color: #444444;\">February 16</span><span style=\"font-size: 11.5pt; font-family: \'Arial\',sans-serif; color: #444444;\">, 2023</span></p>\r\n<p style=\"margin: 0in; margin-bottom: .0001pt; line-height: 19.5pt;\"><strong style=\"mso-bidi-font-weight: normal;\"><span style=\"font-size: 11.5pt; font-family: \'Arial\',sans-serif; color: #444444;\">DATE OF MONITORING:</span></strong><span style=\"font-size: 11.5pt; font-family: \'Arial\',sans-serif; color: #444444;\">June 07</span><strong style=\"mso-bidi-font-weight: normal;\"><span style=\"font-size: 11.5pt; font-family: \'Arial\',sans-serif; color: #444444;\">,</span></strong><span style=\"font-size: 11.5pt; font-family: \'Arial\',sans-serif; color: #444444;\">&nbsp;2023 @ 2:50PM</span></p>\r\n<p style=\"margin: 0in; margin-bottom: .0001pt; line-height: 19.5pt;\"><strong style=\"mso-bidi-font-weight: normal;\"><span style=\"font-size: 11.5pt; font-family: \'Arial\',sans-serif; color: #444444;\">SPECIFIC ACTIVITY:</span></strong><span style=\"font-size: 11.5pt; font-family: \'Arial\',sans-serif; color: #444444;\">bench tiles application, first coat painting</span></p>\r\n<p style=\"margin: 0in; margin-bottom: .0001pt; line-height: 19.5pt;\"><strong style=\"mso-bidi-font-weight: normal;\"><span style=\"font-size: 11.5pt; font-family: \'Arial\',sans-serif; color: #444444;\">Percentage of SKILLED WORKERS</span></strong><span style=\"font-size: 11.5pt; font-family: \'Arial\',sans-serif; color: #444444;\">-66.67%, LHSW-1 from Far Brgy(Toliyok)</span></p>\r\n<p style=\"margin: 0in; margin-bottom: .0001pt; line-height: 19.5pt;\"><strong style=\"mso-bidi-font-weight: normal;\"><span style=\"font-size: 11.5pt; font-family: \'Arial\',sans-serif; color: #444444;\">Percentage of SKILLED WORKERS</span></strong><span style=\"font-size: 11.5pt; font-family: \'Arial\',sans-serif; color: #444444;\">-100%, LHUSW-1 from Far barangay(Villaflor)&nbsp;</span></p>\r\n<p style=\"margin: 0in; margin-bottom: .0001pt; line-height: 19.5pt;\"><span style=\"font-size: 11.5pt; font-family: \'Arial\',sans-serif; color: #444444;\"><strong style=\"color: #000000; font-family: Verdana, Arial, Helvetica, sans-serif; font-size: 14px;\"><span style=\"font-size: 11.5pt; line-height: 107%; font-family: \'Arial\',sans-serif; mso-fareast-font-family: \'Times New Roman\'; color: red; mso-ansi-language: EN-US; mso-fareast-language: EN-US; mso-bidi-language: AR-SA;\">COMPLIANT</span></strong>-based on Labor Localization Ordinance</span></p>','updated','2023-06-16 17:16:00',NULL),(58,12,'172','2023-06-07 18:30:58',2,6,0,65,'2023-06-07 15:25:00',0,0,0,0,'','completed','2023-06-19 14:14:05','<p style=\"margin: 0in; margin-bottom: .0001pt; line-height: 19.5pt;\"><strong style=\"mso-bidi-font-weight: normal;\"><span style=\"font-size: 11.5pt; font-family: \'Arial\',sans-serif; color: #444444;\">PROJECT TITLE:</span></strong><span style=\"font-size: 11.5pt; font-family: \'Arial\',sans-serif; color: #444444;\">23KI0067-Construction of Apil-Dullan Norte Road Going to Kenjelo Farm</span></p>\r\n<p style=\"margin: 0in; margin-bottom: .0001pt; line-height: 19.5pt;\"><strong style=\"mso-bidi-font-weight: normal;\"><span style=\"font-size: 11.5pt; font-family: \'Arial\',sans-serif; color: #444444;\">CONTRACTOR:</span></strong><span style=\"font-size: 11.5pt; font-family: \'Arial\',sans-serif; color: #444444;\">DDS Builders</span></p>\r\n<p style=\"margin: 0in; margin-bottom: .0001pt; line-height: 19.5pt;\"><strong style=\"mso-bidi-font-weight: normal;\"><span style=\"font-size: 11.5pt; font-family: \'Arial\',sans-serif; color: #444444;\">PROJECT LOCATION:</span></strong><span style=\"font-size: 11.5pt; font-family: \'Arial\',sans-serif; color: #444444;\">&nbsp;Dullan-Apil, Oroquieta City</span></p>\r\n<p style=\"margin: 0in; margin-bottom: .0001pt; line-height: 19.5pt;\"><strong style=\"mso-bidi-font-weight: normal;\"><span style=\"font-size: 11.5pt; font-family: \'Arial\',sans-serif; color: #444444;\">PROJECT NATURE:</span></strong><span style=\"font-size: 11.5pt; font-family: \'Arial\',sans-serif; color: #444444;\">DPWH 1st District</span><span style=\"font-size: 11.5pt; font-family: \'Arial\',sans-serif; color: #444444;\"> Implemented</span></p>\r\n<p style=\"margin: 0in; margin-bottom: .0001pt; line-height: 19.5pt;\"><strong style=\"mso-bidi-font-weight: normal;\"><span style=\"font-size: 11.5pt; font-family: \'Arial\',sans-serif; color: #444444;\">PROJECT COST:</span></strong><span style=\"font-size: 11.5pt; font-family: \'Arial\',sans-serif; color: #444444;\"> Php 4,795,691.36</span></p>\r\n<p style=\"margin: 0in; margin-bottom: .0001pt; line-height: 19.5pt;\"><strong style=\"mso-bidi-font-weight: normal;\"><span style=\"font-size: 11.5pt; font-family: \'Arial\',sans-serif; color: #444444;\">DATE STARTED:</span></strong><span style=\"font-size: 11.5pt; font-family: \'Arial\',sans-serif; color: #444444;\">March 30</span><span style=\"font-size: 11.5pt; font-family: \'Arial\',sans-serif; color: #444444;\">, 2023</span></p>\r\n<p style=\"margin: 0in; margin-bottom: .0001pt; line-height: 19.5pt;\"><strong style=\"mso-bidi-font-weight: normal;\"><span style=\"font-size: 11.5pt; font-family: \'Arial\',sans-serif; color: #444444;\">DATE OF MONITORING:</span></strong><span style=\"font-size: 11.5pt; font-family: \'Arial\',sans-serif; color: #444444;\">June 07</span><span style=\"font-size: 11.5pt; font-family: \'Arial\',sans-serif; color: #444444;\">, 2023 @ 3:25PM</span></p>\r\n<p style=\"margin: 0in; margin-bottom: .0001pt; line-height: 19.5pt;\"><strong style=\"mso-bidi-font-weight: normal;\"><span style=\"font-size: 11.5pt; font-family: \'Arial\',sans-serif; color: #444444;\">SPECIFIC ACTIVITY:</span></strong><span style=\"font-size: 11.5pt; font-family: \'Arial\',sans-serif; color: #444444;\">road concreting of the side lane</span></p>\r\n<p style=\"margin: 0in; margin-bottom: .0001pt; line-height: 19.5pt;\"><strong style=\"mso-bidi-font-weight: normal;\"><span style=\"font-size: 11.5pt; font-family: \'Arial\',sans-serif; color: #444444;\">Percentage of SKILLED WORKERS</span></strong><span style=\"font-size: 11.5pt; font-family: \'Arial\',sans-serif; color: #444444;\">-72.73%, LHSW-8 from Within Project barangay(Dullan Norte) and Far barangay(Lamac Upper,Senote,Buntawan,Taboc Sur,Toliyok)</span></p>\r\n<p style=\"margin: 0in; margin-bottom: .0001pt; line-height: 19.5pt;\"><strong style=\"mso-bidi-font-weight: normal;\"><span style=\"font-size: 11.5pt; font-family: \'Arial\',sans-serif; color: #444444;\">Percentage of SKILLED WORKERS</span></strong><span style=\"font-size: 11.5pt; font-family: \'Arial\',sans-serif; color: #444444;\">-100%, LHUSW-10 Far barangay(Toliyok,Lamac Upper,langcangan Proper,Villaflor,Buntawan,Bunga,Lower Lamac,Canubay)</span></p>\r\n<p style=\"margin: 0in; margin-bottom: .0001pt; line-height: 19.5pt;\"><strong style=\"color: #000000; font-family: Verdana, Arial, Helvetica, sans-serif; font-size: 14px;\"><span style=\"font-size: 11.5pt; font-family: \'Arial\',sans-serif; mso-fareast-font-family: \'Times New Roman\'; color: red;\">COMPLIANT</span></strong>-based on Labor Localization Ordinance</p>\r\n<p class=\"MsoNormal\">&nbsp;</p>','updated','2023-06-16 17:17:44',NULL),(59,12,'173','2023-06-07 18:33:17',2,6,0,65,'2023-06-07 16:00:00',0,0,0,0,'','completed','2023-06-19 14:18:45','<p style=\"margin: 0in; margin-bottom: .0001pt; line-height: 19.5pt;\"><strong style=\"mso-bidi-font-weight: normal;\"><span style=\"font-size: 11.5pt; font-family: \'Arial\',sans-serif; color: #444444;\">PROJECT TITLE:</span></strong><span style=\"font-size: 11.5pt; font-family: \'Arial\',sans-serif; color: #444444;\">22KJ0119-Construction/Improvement of MPB,DEPED Oroquieta Division</span></p>\r\n<p style=\"margin: 0in; margin-bottom: .0001pt; line-height: 19.5pt;\"><strong style=\"mso-bidi-font-weight: normal;\"><span style=\"font-size: 11.5pt; font-family: \'Arial\',sans-serif; color: #444444;\">CONTRACTOR:</span></strong><span style=\"font-size: 11.5pt; font-family: \'Arial\',sans-serif; color: #444444;\">3Rs Builders and Resources</span></p>\r\n<p style=\"margin: 0in; margin-bottom: .0001pt; line-height: 19.5pt;\"><strong style=\"mso-bidi-font-weight: normal;\"><span style=\"font-size: 11.5pt; font-family: \'Arial\',sans-serif; color: #444444;\">PROJECT LOCATION:</span></strong><span style=\"font-size: 11.5pt; font-family: \'Arial\',sans-serif; color: #444444;\">&nbsp;Poblacion 1, Oroquieta City</span></p>\r\n<p style=\"margin: 0in; margin-bottom: .0001pt; line-height: 19.5pt;\"><strong style=\"mso-bidi-font-weight: normal;\"><span style=\"font-size: 11.5pt; font-family: \'Arial\',sans-serif; color: #444444;\">PROJECT NATURE:</span></strong><span style=\"font-size: 11.5pt; font-family: \'Arial\',sans-serif; color: #444444;\">&nbsp;DPWH 2nd District Implemented</span></p>\r\n<p style=\"margin: 0in; margin-bottom: .0001pt; line-height: 19.5pt;\"><strong style=\"mso-bidi-font-weight: normal;\"><span style=\"font-size: 11.5pt; font-family: \'Arial\',sans-serif; color: #444444;\">PROJECT COST:</span></strong><span style=\"font-size: 11.5pt; font-family: \'Arial\',sans-serif; color: #444444;\"> Php 19,011,256.07</span></p>\r\n<p style=\"margin: 0in; margin-bottom: .0001pt; line-height: 19.5pt;\"><strong style=\"mso-bidi-font-weight: normal;\"><span style=\"font-size: 11.5pt; font-family: \'Arial\',sans-serif; color: #444444;\">DATE STARTED:</span></strong><span style=\"font-size: 11.5pt; font-family: \'Arial\',sans-serif; color: #444444;\">December 27</span><span style=\"font-size: 11.5pt; font-family: \'Arial\',sans-serif; color: #444444;\">, 2022</span></p>\r\n<p style=\"margin: 0in; margin-bottom: .0001pt; line-height: 19.5pt;\"><strong style=\"mso-bidi-font-weight: normal;\"><span style=\"font-size: 11.5pt; font-family: \'Arial\',sans-serif; color: #444444;\">DATE OF MONITORING:</span></strong><span style=\"font-size: 11.5pt; font-family: \'Arial\',sans-serif; color: #444444;\">June 07</span><span style=\"font-size: 11.5pt; font-family: \'Arial\',sans-serif; color: #444444;\">, 2023 @ 4PM</span></p>\r\n<p style=\"margin: 0in; margin-bottom: .0001pt; line-height: 19.5pt;\"><strong style=\"mso-bidi-font-weight: normal;\"><span style=\"font-size: 11.5pt; font-family: \'Arial\',sans-serif; color: #444444;\">SPECIFIC ACTIVITY:</span></strong><span style=\"font-size: 11.5pt; font-family: \'Arial\',sans-serif; color: #444444;\">tie beams and formworks</span></p>\r\n<p style=\"margin: 0in; margin-bottom: .0001pt; line-height: 19.5pt;\"><strong style=\"mso-bidi-font-weight: normal;\"><span style=\"font-size: 11.5pt; font-family: \'Arial\',sans-serif; color: #444444;\">Percentage of SKILLED WORKERS</span></strong><span style=\"font-size: 11.5pt; font-family: \'Arial\',sans-serif; color: #444444;\">-0%, LHSW-No Locals hired,all SW are from outside Oroquieta</span></p>\r\n<p style=\"margin: 0in; margin-bottom: .0001pt; line-height: 19.5pt;\"><strong style=\"mso-bidi-font-weight: normal;\"><span style=\"font-size: 11.5pt; font-family: \'Arial\',sans-serif; color: #444444;\">Percentage of SKILLED WORKERS</span></strong><span style=\"font-size: 11.5pt; font-family: \'Arial\',sans-serif; color: #444444;\">-6.67%, LHUSW-1 hired from Talairon</span></p>\r\n<p style=\"margin: 0in; margin-bottom: .0001pt; line-height: 19.5pt;\"><strong><span style=\"font-size: 11.5pt; font-family: \'Arial\',sans-serif; mso-fareast-font-family: \'Times New Roman\'; color: red;\">NON COMPLIANT</span></strong>-based on Labor Localization Ordinance</p>','updated','2023-06-16 17:19:04',NULL),(60,12,'174','2023-06-07 18:42:56',2,6,0,65,'2023-06-07 16:25:00',0,0,0,0,'','completed','2023-06-19 14:19:33','<p class=\"MsoNormal\" style=\"margin-bottom: .0001pt; line-height: 19.5pt; background: white;\"><strong><span style=\"font-size: 11.5pt; font-family: \'Arial\',sans-serif; mso-fareast-font-family: \'Times New Roman\'; color: #444444;\">PROJECT TITLE:</span></strong><span style=\"font-size: 11.5pt; font-family: \'Arial\',sans-serif; mso-fareast-font-family: \'Times New Roman\'; color: #444444;\">23KI0053-Construction of MPB(Bayfront Arena)</span></p>\r\n<p class=\"MsoNormal\" style=\"margin-bottom: .0001pt; line-height: 19.5pt; background: white;\"><strong><span style=\"font-size: 11.5pt; font-family: \'Arial\',sans-serif; mso-fareast-font-family: \'Times New Roman\'; color: #444444;\">CONTRACTOR:</span></strong><span style=\"font-size: 11.5pt; font-family: \'Arial\',sans-serif; mso-fareast-font-family: \'Times New Roman\'; color: #444444;\">Monta&ntilde;o Construction &amp; Dev\'t Corporation</span></p>\r\n<p class=\"MsoNormal\" style=\"margin-bottom: .0001pt; line-height: 19.5pt; background: white;\"><strong><span style=\"font-size: 11.5pt; font-family: \'Arial\',sans-serif; mso-fareast-font-family: \'Times New Roman\'; color: #444444;\">PROJECT LOCATION:</span></strong><span style=\"font-size: 11.5pt; font-family: \'Arial\',sans-serif; mso-fareast-font-family: \'Times New Roman\'; color: #444444;\">Poblacion 1, Oroquieta City</span></p>\r\n<p class=\"MsoNormal\" style=\"margin-bottom: .0001pt; line-height: 19.5pt; background: white;\"><strong><span style=\"font-size: 11.5pt; font-family: \'Arial\',sans-serif; mso-fareast-font-family: \'Times New Roman\'; color: #444444;\">PROJECT NATURE:</span></strong><span style=\"font-size: 11.5pt; font-family: \'Arial\',sans-serif; mso-fareast-font-family: \'Times New Roman\'; color: #444444;\">DPWH 1st District<strong>&nbsp;</strong>Implemented</span></p>\r\n<p class=\"MsoNormal\" style=\"margin-bottom: .0001pt; line-height: 19.5pt; background: white;\"><strong><span style=\"font-size: 11.5pt; font-family: \'Arial\',sans-serif; mso-fareast-font-family: \'Times New Roman\'; color: #444444;\">PROJECT COST:</span></strong><span style=\"font-size: 11.5pt; font-family: \'Arial\',sans-serif; mso-fareast-font-family: \'Times New Roman\'; color: #444444;\">Php 48,898,000.31</span></p>\r\n<p class=\"MsoNormal\" style=\"margin-bottom: .0001pt; line-height: 19.5pt; background: white;\"><strong><span style=\"font-size: 11.5pt; font-family: \'Arial\',sans-serif; mso-fareast-font-family: \'Times New Roman\'; color: #444444;\">DATE STARTED:</span></strong><span style=\"font-size: 11.5pt; font-family: \'Arial\',sans-serif; mso-fareast-font-family: \'Times New Roman\'; color: #444444;\">May 15, 2023</span></p>\r\n<p class=\"MsoNormal\" style=\"margin-bottom: .0001pt; line-height: 19.5pt; background: white;\"><strong><span style=\"font-size: 11.5pt; font-family: \'Arial\',sans-serif; mso-fareast-font-family: \'Times New Roman\'; color: #444444;\">DATE OF MONITORING:</span></strong><span style=\"font-size: 11.5pt; font-family: \'Arial\',sans-serif; mso-fareast-font-family: \'Times New Roman\'; color: #444444;\">June 07, 2023 @ 4:25PM</span></p>\r\n<p class=\"MsoNormal\" style=\"margin-bottom: .0001pt; line-height: 19.5pt; background: white;\"><strong><span style=\"font-size: 11.5pt; font-family: \'Arial\',sans-serif; mso-fareast-font-family: \'Times New Roman\'; color: #444444;\">SPECIFIC ACTIVITY:</span></strong><span style=\"font-size: 11.5pt; font-family: \'Arial\',sans-serif; mso-fareast-font-family: \'Times New Roman\'; color: #444444;\">assemble of scaffolding</span></p>\r\n<p class=\"MsoNormal\" style=\"margin-bottom: .0001pt; line-height: 19.5pt; background: white;\"><strong><span style=\"font-size: 11.5pt; font-family: \'Arial\',sans-serif; mso-fareast-font-family: \'Times New Roman\'; color: #444444;\">Percentage of SKILLED WORKERS</span></strong><span style=\"font-size: 11.5pt; font-family: \'Arial\',sans-serif; mso-fareast-font-family: \'Times New Roman\'; color: #444444;\">-0%, LHSW-No hired locals, all SW are from Outside Oroquieta-1 hired</span></p>\r\n<p class=\"MsoNormal\" style=\"margin-bottom: .0001pt; line-height: 19.5pt; background: white;\"><strong><span style=\"font-size: 11.5pt; font-family: \'Arial\',sans-serif; mso-fareast-font-family: \'Times New Roman\'; color: #444444;\">Percentage of SKILLED WORKERS</span></strong><span style=\"font-size: 11.5pt; font-family: \'Arial\',sans-serif; mso-fareast-font-family: \'Times New Roman\'; color: #444444;\">-66.67%, LHUSW-2 from Within Project barangay(Poblacion 1) and Far barangay(Talic)</span></p>\r\n<p class=\"MsoNormal\" style=\"margin-bottom: 0.0001pt; line-height: 19.5pt; background-image: initial; background-position: initial; background-size: initial; background-repeat: initial; background-attachment: initial; background-origin: initial; background-clip: initial;\"><strong><span style=\"font-size: 11.5pt; font-family: \'Arial\',sans-serif; mso-fareast-font-family: \'Times New Roman\'; color: red;\">NON COMPLIANT</span></strong>- for Skilled Worker based on Labor Localization Ordinance</p>\r\n<p class=\"MsoNormal\"><span style=\"font-size: 11.5pt; line-height: 107%; font-family: \'Arial\',sans-serif; mso-fareast-font-family: \'Times New Roman\'; color: #444444; background: white;\"><strong style=\"color: #000000; font-family: Verdana, Arial, Helvetica, sans-serif; font-size: 14px;\"><span style=\"font-size: 11.5pt; font-family: \'Arial\',sans-serif; mso-fareast-font-family: \'Times New Roman\'; color: red;\">COMPLIANT</span></strong>- for Unskilled Worker based on Labor Localization Ordinance</span></p>','updated','2023-06-16 17:20:23',NULL),(61,12,'175','2023-06-09 16:30:25',2,6,0,65,'2023-06-08 15:20:00',0,0,0,0,'','completed','2023-06-19 14:08:49','<p style=\"margin: 0in; margin-bottom: .0001pt; line-height: 19.5pt;\"><strong style=\"mso-bidi-font-weight: normal;\"><span style=\"font-size: 11.5pt; font-family: \'Arial\',sans-serif; color: #444444;\">PROJECT TITLE:</span></strong><span style=\"font-size: 11.5pt; font-family: \'Arial\',sans-serif; color: #444444;\">Concreting of G.H. Del Pilar (Cemetery Road)</span></p>\r\n<p style=\"margin: 0in; margin-bottom: .0001pt; line-height: 19.5pt;\"><strong style=\"mso-bidi-font-weight: normal;\"><span style=\"font-size: 11.5pt; font-family: \'Arial\',sans-serif; color: #444444;\">CONTRACTOR:</span></strong><span style=\"font-size: 11.5pt; font-family: \'Arial\',sans-serif; color: #444444;\">DDS Builders</span></p>\r\n<p style=\"margin: 0in; margin-bottom: .0001pt; line-height: 19.5pt;\"><strong style=\"mso-bidi-font-weight: normal;\"><span style=\"font-size: 11.5pt; font-family: \'Arial\',sans-serif; color: #444444;\">PROJECT LOCATION:</span></strong><span style=\"font-size: 11.5pt; font-family: \'Arial\',sans-serif; color: #444444;\">Lamac Lower</span><span style=\"font-size: 11.5pt; font-family: \'Arial\',sans-serif; color: #444444;\">, Oroquieta City</span></p>\r\n<p style=\"margin: 0in; margin-bottom: .0001pt; line-height: 19.5pt;\"><strong style=\"mso-bidi-font-weight: normal;\"><span style=\"font-size: 11.5pt; font-family: \'Arial\',sans-serif; color: #444444;\">PROJECT NATURE:</span></strong><span style=\"font-size: 11.5pt; font-family: \'Arial\',sans-serif; color: #444444;\">&nbsp;LGU Oroquieta Funded &amp; Implemented</span></p>\r\n<p style=\"margin: 0in; margin-bottom: .0001pt; line-height: 19.5pt;\"><strong style=\"mso-bidi-font-weight: normal;\"><span style=\"font-size: 11.5pt; font-family: \'Arial\',sans-serif; color: #444444;\">PROJECT COST:</span></strong><span style=\"font-size: 11.5pt; font-family: \'Arial\',sans-serif; color: #444444;\"> Php 1,875,640.00</span></p>\r\n<p style=\"margin: 0in; margin-bottom: .0001pt; line-height: 19.5pt;\"><strong style=\"mso-bidi-font-weight: normal;\"><span style=\"font-size: 11.5pt; font-family: \'Arial\',sans-serif; color: #444444;\">DATE STARTED:</span></strong><span style=\"font-size: 11.5pt; font-family: \'Arial\',sans-serif; color: #444444;\">May 22</span><span style=\"font-size: 11.5pt; font-family: \'Arial\',sans-serif; color: #444444;\">, 2023</span></p>\r\n<p style=\"margin: 0in; margin-bottom: .0001pt; line-height: 19.5pt;\"><strong style=\"mso-bidi-font-weight: normal;\"><span style=\"font-size: 11.5pt; font-family: \'Arial\',sans-serif; color: #444444;\">DATE OF MONITORING:</span></strong><span style=\"font-size: 11.5pt; font-family: \'Arial\',sans-serif; color: #444444;\">June 08</span><span style=\"font-size: 11.5pt; font-family: \'Arial\',sans-serif; color: #444444;\">, 2023 @ 3:20PM</span></p>\r\n<p style=\"margin: 0in; margin-bottom: .0001pt; line-height: 19.5pt;\"><strong style=\"mso-bidi-font-weight: normal;\"><span style=\"font-size: 11.5pt; font-family: \'Arial\',sans-serif; color: #444444;\">SPECIFIC ACTIVITY:</span></strong><span style=\"font-size: 11.5pt; font-family: \'Arial\',sans-serif; color: #444444;\">removal of existing asphalt pavement, aggregate base course</span></p>\r\n<p style=\"margin: 0in; margin-bottom: .0001pt; line-height: 19.5pt;\"><strong style=\"mso-bidi-font-weight: normal;\"><span style=\"font-size: 11.5pt; font-family: \'Arial\',sans-serif; color: #444444;\">Percentage of SKILLED WORKERS</span></strong><span style=\"font-size: 11.5pt; font-family: \'Arial\',sans-serif; color: #444444;\">-100%, LHSW-7 from Nearby barangay(Lamac Upper,3)&nbsp;</span></p>\r\n<p style=\"margin: 0in; margin-bottom: .0001pt; line-height: 19.5pt;\"><strong style=\"mso-bidi-font-weight: normal;\"><span style=\"font-size: 11.5pt; font-family: \'Arial\',sans-serif; color: #444444;\">Percentage of SKILLED WORKERS</span></strong><span style=\"font-size: 11.5pt; font-family: \'Arial\',sans-serif; color: #444444;\">-0%, LHUSW-No local hired</span></p>\r\n<p style=\"margin: 0in; margin-bottom: .0001pt; line-height: 19.5pt;\"><span style=\"font-size: 11.5pt; font-family: \'Arial\',sans-serif; color: #444444;\"><strong style=\"color: #000000; font-family: Verdana, Arial, Helvetica, sans-serif; font-size: 14px;\"><span style=\"font-size: 11.5pt; font-family: \'Arial\',sans-serif; mso-fareast-font-family: \'Times New Roman\'; color: red;\">COMPLIANT</span></strong>-for SW based on Labor Localization Ordinance</span></p>\r\n<p style=\"margin: 0in; margin-bottom: .0001pt; line-height: 19.5pt;\"><span style=\"font-size: 11.5pt; font-family: \'Arial\',sans-serif; color: #444444;\"><strong style=\"color: #000000; font-family: Verdana, Arial, Helvetica, sans-serif; font-size: 14px;\"><span style=\"font-size: 11.5pt; font-family: \'Arial\',sans-serif; mso-fareast-font-family: \'Times New Roman\'; color: red;\">NON COMPLIANT</span></strong>- for USW&nbsp;</span><span style=\"color: #444444; font-family: Arial, sans-serif; font-size: 15.3333px;\">based on Labor Localization Ordinance</span></p>','updated','2023-06-16 17:22:12',NULL),(62,12,'176','2023-06-09 16:32:45',2,6,0,65,'2023-06-09 15:20:00',0,0,0,0,'','completed','2023-06-19 14:09:48','<p style=\"margin: 0in; margin-bottom: .0001pt; line-height: 19.5pt;\"><strong style=\"mso-bidi-font-weight: normal;\"><span style=\"font-size: 11.5pt; font-family: \'Arial\',sans-serif; color: #444444;\">PROJECT TITLE:</span></strong><span style=\"font-size: 11.5pt; font-family: \'Arial\',sans-serif; color: #444444;\">23KI0028-Rehabilitation (Completion) of MPB</span></p>\r\n<p style=\"margin: 0in; margin-bottom: .0001pt; line-height: 19.5pt;\"><strong style=\"mso-bidi-font-weight: normal;\"><span style=\"font-size: 11.5pt; font-family: \'Arial\',sans-serif; color: #444444;\">CONTRACTOR:</span></strong><span style=\"font-size: 11.5pt; font-family: \'Arial\',sans-serif; color: #444444;\">DDS Builders</span></p>\r\n<p style=\"margin: 0in; margin-bottom: .0001pt; line-height: 19.5pt;\"><strong style=\"mso-bidi-font-weight: normal;\"><span style=\"font-size: 11.5pt; font-family: \'Arial\',sans-serif; color: #444444;\">PROJECT LOCATION:</span></strong><span style=\"font-size: 11.5pt; font-family: \'Arial\',sans-serif; color: #444444;\">Upper Rizal</span><span style=\"font-size: 11.5pt; font-family: \'Arial\',sans-serif; color: #444444;\">, Oroquieta City</span></p>\r\n<p style=\"margin: 0in; margin-bottom: .0001pt; line-height: 19.5pt;\"><strong style=\"mso-bidi-font-weight: normal;\"><span style=\"font-size: 11.5pt; font-family: \'Arial\',sans-serif; color: #444444;\">PROJECT NATURE:</span></strong><span style=\"font-size: 11.5pt; font-family: \'Arial\',sans-serif; color: #444444;\">DPWH 1st District&nbsp;</span><span style=\"font-size: 11.5pt; font-family: \'Arial\',sans-serif; color: #444444;\">Implemented</span></p>\r\n<p style=\"margin: 0in; margin-bottom: .0001pt; line-height: 19.5pt;\"><strong style=\"mso-bidi-font-weight: normal;\"><span style=\"font-size: 11.5pt; font-family: \'Arial\',sans-serif; color: #444444;\">PROJECT COST:</span></strong><span style=\"font-size: 11.5pt; font-family: \'Arial\',sans-serif; color: #444444;\"> Php 1,974,678.44</span></p>\r\n<p style=\"margin: 0in; margin-bottom: .0001pt; line-height: 19.5pt;\"><strong style=\"mso-bidi-font-weight: normal;\"><span style=\"font-size: 11.5pt; font-family: \'Arial\',sans-serif; color: #444444;\">DATE STARTED:</span></strong><span style=\"font-size: 11.5pt; font-family: \'Arial\',sans-serif; color: #444444;\">March 09</span><span style=\"font-size: 11.5pt; font-family: \'Arial\',sans-serif; color: #444444;\">, 2023</span></p>\r\n<p style=\"margin: 0in; margin-bottom: .0001pt; line-height: 19.5pt;\"><strong style=\"mso-bidi-font-weight: normal;\"><span style=\"font-size: 11.5pt; font-family: \'Arial\',sans-serif; color: #444444;\">DATE OF MONITORING:</span></strong><span style=\"font-size: 11.5pt; font-family: \'Arial\',sans-serif; color: #444444;\">June 09</span><span style=\"font-size: 11.5pt; font-family: \'Arial\',sans-serif; color: #444444;\">, 2023 @ 2PM</span></p>\r\n<p style=\"margin: 0in; margin-bottom: .0001pt; line-height: 19.5pt;\"><strong style=\"mso-bidi-font-weight: normal;\"><span style=\"font-size: 11.5pt; font-family: \'Arial\',sans-serif; color: #444444;\">SPECIFIC ACTIVITY:</span></strong><span style=\"font-size: 11.5pt; font-family: \'Arial\',sans-serif; color: #444444;\">formation of beam and column-stirrups and ties</span></p>\r\n<p style=\"margin: 0in; margin-bottom: .0001pt; line-height: 19.5pt;\"><strong style=\"mso-bidi-font-weight: normal;\"><span style=\"font-size: 11.5pt; font-family: \'Arial\',sans-serif; color: #444444;\">Percentage of SKILLED WORKERS</span></strong><span style=\"font-size: 11.5pt; font-family: \'Arial\',sans-serif; color: #444444;\">-75%, LHSW-3 from Far barangay(Pines,Buenavista,2) and 1 hired from Outside Oroquieta</span></p>\r\n<p style=\"margin: 0in; margin-bottom: .0001pt; line-height: 19.5pt;\"><strong style=\"mso-bidi-font-weight: normal;\"><span style=\"font-size: 11.5pt; font-family: \'Arial\',sans-serif; color: #444444;\">Percentage of SKILLED WORKERS</span></strong><span style=\"font-size: 11.5pt; font-family: \'Arial\',sans-serif; color: #444444;\">-100%, LHUSW-6 from Far barangay(Buenavista)</span></p>\r\n<p style=\"margin: 0in; margin-bottom: .0001pt; line-height: 19.5pt;\"><span style=\"font-size: 11.5pt; font-family: \'Arial\',sans-serif; color: #444444;\"><strong style=\"color: #000000; font-family: Verdana, Arial, Helvetica, sans-serif; font-size: 14px;\"><span style=\"font-size: 11.5pt; font-family: \'Arial\',sans-serif; mso-fareast-font-family: \'Times New Roman\'; color: red;\">COMPLIANT</span></strong>-based on Labor Localization Ordinance</span></p>','updated','2023-06-16 17:23:28',NULL),(63,12,'177','2023-06-09 16:33:53',2,6,0,68,'2023-06-09 14:30:00',0,0,0,0,'','completed','2023-06-19 14:10:22','<p style=\"margin: 0in; margin-bottom: .0001pt; line-height: 19.5pt;\"><strong><span style=\"font-size: 11.5pt; font-family: \'Arial\',sans-serif; color: #444444;\">PROJECT TITLE:</span></strong><span style=\"font-size: 11.5pt; font-family: \'Arial\',sans-serif; color: #444444;\">23KI0003-Rehabilitation (Completion) of MPB</span></p>\r\n<p style=\"margin: 0in; margin-bottom: .0001pt; line-height: 19.5pt;\"><strong><span style=\"font-size: 11.5pt; font-family: \'Arial\',sans-serif; color: #444444;\">CONTRACTOR:</span></strong><span style=\"font-size: 11.5pt; font-family: \'Arial\',sans-serif; color: #444444;\">DDS Builders</span></p>\r\n<p style=\"margin: 0in; margin-bottom: .0001pt; line-height: 19.5pt;\"><strong><span style=\"font-size: 11.5pt; font-family: \'Arial\',sans-serif; mso-fareast-font-family: \'Times New Roman\'; color: #444444;\">PROJECT LOCATION: </span></strong><span style=\"font-size: 11.5pt; font-family: \'Arial\',sans-serif; mso-fareast-font-family: \'Times New Roman\'; color: #444444;\">Ciriaco Pastrano, Oroquieta City</span></p>\r\n<p style=\"margin: 0in; margin-bottom: .0001pt; line-height: 19.5pt;\"><strong><span style=\"font-size: 11.5pt; font-family: \'Arial\',sans-serif; mso-fareast-font-family: \'Times New Roman\'; color: #444444;\">PROJECT NATURE: </span></strong><span style=\"font-size: 11.5pt; font-family: \'Arial\',sans-serif; mso-fareast-font-family: \'Times New Roman\'; color: #444444;\">DPWH 1st District<strong>&nbsp;</strong>Implemented</span></p>\r\n<p style=\"margin: 0in; margin-bottom: .0001pt; line-height: 19.5pt;\"><strong><span style=\"font-size: 11.5pt; font-family: \'Arial\',sans-serif; mso-fareast-font-family: \'Times New Roman\'; color: #444444;\">PROJECT COST: </span></strong><span style=\"font-size: 11.5pt; font-family: \'Arial\',sans-serif; mso-fareast-font-family: \'Times New Roman\'; color: #444444;\">Php 1,901,432.62</span></p>\r\n<p style=\"margin: 0in; margin-bottom: .0001pt; line-height: 19.5pt;\"><strong><span style=\"font-size: 11.5pt; font-family: \'Arial\',sans-serif; mso-fareast-font-family: \'Times New Roman\'; color: #444444;\">DATE STARTED: </span></strong><span style=\"font-size: 11.5pt; font-family: \'Arial\',sans-serif; mso-fareast-font-family: \'Times New Roman\'; color: #444444;\">April 11,2023</span></p>\r\n<p style=\"margin: 0in; margin-bottom: .0001pt; line-height: 19.5pt;\"><strong><span style=\"font-size: 11.5pt; font-family: \'Arial\',sans-serif; mso-fareast-font-family: \'Times New Roman\'; color: #444444;\">DATE OF MONITORING/INSPECTION: </span></strong><span style=\"font-size: 11.5pt; font-family: \'Arial\',sans-serif; mso-fareast-font-family: \'Times New Roman\'; color: #444444;\">June 09, 2023 @ 2:30PM</span></p>\r\n<p class=\"MsoNormal\" style=\"margin-bottom: .0001pt; line-height: 19.5pt; background: white;\"><strong><span style=\"font-size: 11.5pt; font-family: \'Arial\',sans-serif; mso-fareast-font-family: \'Times New Roman\'; color: #444444;\">INSPECTION REMARKS: </span></strong><span style=\"font-size: 11.5pt; font-family: \'Arial\',sans-serif; mso-fareast-font-family: \'Times New Roman\'; color: #444444;\">visited the project site, checked the Locals SW/USW hired by the contractor from the previous Whip Placement Form</span></p>\r\n<p class=\"MsoNormal\" style=\"margin-bottom: 0.0001pt; line-height: 19.5pt; background-image: initial; background-position: initial; background-size: initial; background-repeat: initial; background-attachment: initial; background-origin: initial; background-clip: initial;\"><strong><span style=\"font-size: 11.5pt; font-family: \'Arial\',sans-serif; mso-fareast-font-family: \'Times New Roman\'; color: red;\">COMPLIANT</span></strong></p>','updated','2023-06-16 17:25:48',NULL),(64,12,'178','2023-06-09 16:34:49',2,6,0,68,'2023-06-09 14:30:00',0,0,0,0,'','completed','2023-06-19 14:10:44','<p>&nbsp;</p>\r\n<p class=\"MsoNormal\" style=\"margin-bottom: .0001pt; line-height: 19.5pt;\"><strong><span style=\"font-size: 11.5pt; font-family: \'Arial\',sans-serif; mso-fareast-font-family: \'Times New Roman\'; color: #444444;\">PROJECT TITLE:</span></strong><span style=\"font-size: 11.5pt; font-family: \'Arial\',sans-serif; mso-fareast-font-family: \'Times New Roman\'; color: #444444;\">23KI0002-Rehabilitation (Completion) of MPB</span></p>\r\n<p class=\"MsoNormal\" style=\"margin-bottom: .0001pt; line-height: 19.5pt;\"><strong><span style=\"font-size: 11.5pt; font-family: \'Arial\',sans-serif; mso-fareast-font-family: \'Times New Roman\'; color: #444444;\">CONTRACTOR:</span></strong><span style=\"font-size: 11.5pt; font-family: \'Arial\',sans-serif; mso-fareast-font-family: \'Times New Roman\'; color: #444444;\">DDS Builders</span></p>\r\n<p class=\"MsoNormal\" style=\"margin-bottom: .0001pt; line-height: 19.5pt;\"><strong><span style=\"font-size: 11.5pt; font-family: \'Arial\',sans-serif; mso-fareast-font-family: \'Times New Roman\'; color: #444444;\">PROJECT LOCATION:</span></strong><span style=\"font-size: 11.5pt; font-family: \'Arial\',sans-serif; mso-fareast-font-family: \'Times New Roman\'; color: #444444;\"> T</span><span style=\"font-size: 11.5pt; font-family: \'Arial\',sans-serif; mso-fareast-font-family: \'Times New Roman\'; color: #444444;\">uyabang Bajo</span><span style=\"font-size: 11.5pt; font-family: \'Arial\',sans-serif; mso-fareast-font-family: \'Times New Roman\'; color: #444444;\">, Oroquieta City</span></p>\r\n<p class=\"MsoNormal\" style=\"margin-bottom: .0001pt; line-height: 19.5pt;\"><strong><span style=\"font-size: 11.5pt; font-family: \'Arial\',sans-serif; mso-fareast-font-family: \'Times New Roman\'; color: #444444;\">PROJECT NATURE:&nbsp;</span></strong><span style=\"font-size: 11.5pt; font-family: \'Arial\',sans-serif; mso-fareast-font-family: \'Times New Roman\'; color: #444444;\">DPWH 1st District<strong>&nbsp;</strong>Implemented</span></p>\r\n<p class=\"MsoNormal\" style=\"margin-bottom: .0001pt; line-height: 19.5pt;\"><strong><span style=\"font-size: 11.5pt; font-family: \'Arial\',sans-serif; mso-fareast-font-family: \'Times New Roman\'; color: #444444;\">PROJECT COST:&nbsp;</span></strong><span style=\"font-size: 11.5pt; font-family: \'Arial\',sans-serif; mso-fareast-font-family: \'Times New Roman\'; color: #444444;\">Php 1,936,693.51</span></p>\r\n<p class=\"MsoNormal\" style=\"margin-bottom: .0001pt; line-height: 19.5pt;\"><strong><span style=\"font-size: 11.5pt; font-family: \'Arial\',sans-serif; mso-fareast-font-family: \'Times New Roman\'; color: #444444;\">DATE STARTED: </span></strong><span style=\"font-size: 11.5pt; font-family: \'Arial\',sans-serif; mso-fareast-font-family: \'Times New Roman\'; color: #444444;\">February 16</span><span style=\"font-size: 11.5pt; font-family: \'Arial\',sans-serif; mso-fareast-font-family: \'Times New Roman\'; color: #444444;\">,2023</span></p>\r\n<p class=\"MsoNormal\" style=\"margin-bottom: .0001pt; line-height: 19.5pt;\"><strong><span style=\"font-size: 11.5pt; font-family: \'Arial\',sans-serif; mso-fareast-font-family: \'Times New Roman\'; color: #444444;\">DATE OF MONITORING/INSPECTION:&nbsp;</span></strong><span style=\"font-size: 11.5pt; font-family: \'Arial\',sans-serif; mso-fareast-font-family: \'Times New Roman\'; color: #444444;\">June 09, 2023 @ 3PM</span></p>\r\n<p class=\"MsoNormal\" style=\"mso-margin-top-alt: auto; margin-bottom: .0001pt; line-height: 19.5pt; background: white;\"><strong><span style=\"font-size: 11.5pt; font-family: \'Arial\',sans-serif; mso-fareast-font-family: \'Times New Roman\'; color: #444444;\">INSPECTION REMARKS:&nbsp;</span></strong><span style=\"font-size: 11.5pt; font-family: \'Arial\',sans-serif; mso-fareast-font-family: \'Times New Roman\'; color: #444444;\">visited the project site, checked the Locals SW/USW hired by the contractor from the previous Whip Placement Form and with additional 1-Skilled worker hired</span></p>\r\n<p class=\"MsoNormal\" style=\"mso-margin-top-alt: auto; margin-bottom: .0001pt; line-height: 19.5pt;\"><strong><span style=\"font-size: 11.5pt; font-family: \'Arial\',sans-serif; mso-fareast-font-family: \'Times New Roman\'; color: red;\">COMPLIANT</span></strong></p>\r\n<p class=\"MsoNormal\" style=\"margin-bottom: .0001pt; line-height: 19.5pt; background: white;\">&nbsp;</p>\r\n<p>&nbsp;</p>','updated','2023-06-16 12:07:21',NULL),(65,12,'179','2023-06-09 16:35:32',2,6,0,68,'2023-06-09 16:00:00',0,0,0,0,'','completed','2023-06-19 14:11:29','<p class=\"MsoNormal\" style=\"margin-bottom: .0001pt; line-height: 19.5pt;\"><strong><span style=\"font-size: 11.5pt; font-family: \'Arial\',sans-serif; mso-fareast-font-family: \'Times New Roman\'; color: #444444;\">PROJECT TITLE:</span></strong><span style=\"font-size: 11.5pt; font-family: \'Arial\',sans-serif; mso-fareast-font-family: \'Times New Roman\'; color: #444444;\">23KJ0119-Construction/Improvement of MPB,DEPED Oroquieta Division</span></p>\r\n<p class=\"MsoNormal\" style=\"margin-bottom: .0001pt; line-height: 19.5pt;\"><strong><span style=\"font-size: 11.5pt; font-family: \'Arial\',sans-serif; mso-fareast-font-family: \'Times New Roman\'; color: #444444;\">CONTRACTOR:&nbsp;</span></strong><span style=\"font-size: 11.5pt; font-family: \'Arial\',sans-serif; mso-fareast-font-family: \'Times New Roman\'; color: #444444;\">3R\'s Builders And Resources</span></p>\r\n<p class=\"MsoNormal\" style=\"margin-bottom: .0001pt; line-height: 19.5pt;\"><strong><span style=\"font-size: 11.5pt; font-family: \'Arial\',sans-serif; mso-fareast-font-family: \'Times New Roman\'; color: #444444;\">PROJECT LOCATION: </span></strong><span style=\"font-size: 11.5pt; font-family: \'Arial\',sans-serif; mso-fareast-font-family: \'Times New Roman\'; color: #444444;\">Poblacion 1</span><span style=\"font-size: 11.5pt; font-family: \'Arial\',sans-serif; mso-fareast-font-family: \'Times New Roman\'; color: #444444;\">, Oroquieta City</span></p>\r\n<p class=\"MsoNormal\" style=\"margin-bottom: .0001pt; line-height: 19.5pt;\"><strong><span style=\"font-size: 11.5pt; font-family: \'Arial\',sans-serif; mso-fareast-font-family: \'Times New Roman\'; color: #444444;\">PROJECT NATURE:&nbsp;</span></strong><span style=\"font-size: 11.5pt; font-family: \'Arial\',sans-serif; mso-fareast-font-family: \'Times New Roman\'; color: #444444;\">DPWH 2nd District<strong>&nbsp;</strong>Implemented</span></p>\r\n<p class=\"MsoNormal\" style=\"margin-bottom: .0001pt; line-height: 19.5pt;\"><strong><span style=\"font-size: 11.5pt; font-family: \'Arial\',sans-serif; mso-fareast-font-family: \'Times New Roman\'; color: #444444;\">PROJECT COST:&nbsp;</span></strong><span style=\"font-size: 11.5pt; font-family: \'Arial\',sans-serif; mso-fareast-font-family: \'Times New Roman\'; color: #444444;\">Php 19,011,256.07</span></p>\r\n<p class=\"MsoNormal\" style=\"margin-bottom: .0001pt; line-height: 19.5pt;\"><strong><span style=\"font-size: 11.5pt; font-family: \'Arial\',sans-serif; mso-fareast-font-family: \'Times New Roman\'; color: #444444;\">DATE STARTED:</span></strong><span style=\"font-size: 11.5pt; font-family: \'Arial\',sans-serif; mso-fareast-font-family: \'Times New Roman\'; color: #444444;\"> December 27</span><span style=\"font-size: 11.5pt; font-family: \'Arial\',sans-serif; mso-fareast-font-family: \'Times New Roman\'; color: #444444;\">,2022</span></p>\r\n<p class=\"MsoNormal\" style=\"margin-bottom: .0001pt; line-height: 19.5pt;\"><strong><span style=\"font-size: 11.5pt; font-family: \'Arial\',sans-serif; mso-fareast-font-family: \'Times New Roman\'; color: #444444;\">DATE OF MONITORING/INSPECTION:&nbsp;</span></strong><span style=\"font-size: 11.5pt; font-family: \'Arial\',sans-serif; mso-fareast-font-family: \'Times New Roman\'; color: #444444;\">June 07, 2023 @ 4PM</span></p>\r\n<p class=\"MsoNormal\" style=\"mso-margin-top-alt: auto; margin-bottom: .0001pt; line-height: 19.5pt; background: white;\"><strong><span style=\"font-size: 11.5pt; font-family: \'Arial\',sans-serif; mso-fareast-font-family: \'Times New Roman\'; color: #444444;\">INSPECTION REMARKS:&nbsp;</span></strong><span style=\"font-size: 11.5pt; font-family: \'Arial\',sans-serif; mso-fareast-font-family: \'Times New Roman\'; color: #444444;\">visited the project site, checked the Locals SW/USW hired by the contractor from the previous Whip Placement Form</span></p>\r\n<p class=\"MsoNormal\" style=\"margin-bottom: .0001pt; line-height: 19.5pt; background: white;\"><strong><span style=\"font-size: 11.5pt; font-family: \'Arial\',sans-serif; mso-fareast-font-family: \'Times New Roman\'; color: red;\">NON COMPLIANT</span></strong></p>','updated','2023-06-16 17:24:50',NULL),(66,25,'180','2023-06-19 13:42:02',1,4,0,71,'2023-06-19 13:40:21',0,1,0,0,'','pending',NULL,NULL,'to-update','0000-00-00 00:00:00',NULL),(67,12,'181','2023-06-26 11:37:19',1,6,0,95,'2023-06-22 08:30:00',0,0,0,0,'<p>please add remarks</p>','completed','2023-07-20 16:06:15','<p>Title of Activity: Local Cafe Owners/Operators Orientation</p>\r\n<p>Date and Time: June 22, 2023 @ 8:30-4pm</p>\r\n<p>Venue: Lucianos Hotel and Restaurant</p>\r\n<p>The following Owners/Operators Attended the Orientation:</p>\r\n<p>1. Eway, Wena of BigW Food and Refreshment</p>\r\n<p>2. Empeynado, Remie Janeof Better Brews</p>\r\n<p>3. Flores, Bonifacio of Flores Carenderia</p>\r\n<p>4. Gumolon, Genny of 7/11</p>\r\n<p>5. Floren, Jaclyn of Food Villa</p>\r\n<p>6. Alegado, Jessie of Igrunge Cafe</p>\r\n<p>7. Borata, Juna of Bella\'s Cafe</p>\r\n<p>8. Almonte, Julius George of A+ Coffee Corner</p>\r\n<p>9. Albetria, Reyson Gerard of Crushh Landing Corndog/Korean Food</p>\r\n<p>10. Labadan, Allayna Jane of Caryl\'s Refreshments</p>\r\n<p>Participants Attended:10/22</p>\r\n<p>Resource Speakers: Mr. Rio Taz M. De Barras- Local Coach</p>\r\n<p>&nbsp; &nbsp; &nbsp; &nbsp; &nbsp; &nbsp; &nbsp; &nbsp; &nbsp; &nbsp; &nbsp; &nbsp; &nbsp; &nbsp; &nbsp; Mr. Gary P. Lamparas- Health and Sanitation inspector</p>\r\n<p>&nbsp;</p>\r\n<p>&nbsp;Aims to help MSMEs through coaching and mentoring and for KMMe Program handled by DTI</p>','updated','2023-07-03 13:43:27','2023-07-03 05:56:35'),(68,18,'182','2023-06-29 09:27:32',1,4,0,111,'2023-06-27 09:00:00',49,1,0,0,'','completed','2023-06-30 15:34:18','<p>Issue &amp; concern:&nbsp;</p>\r\n<p>Daghan nangutang wala kabayad&nbsp;</p>\r\n<p>Wala pa silay schedule sa monthly meeting, mag inform ra sila kung kanus a.</p>','updated','2023-06-29 10:01:37',NULL),(69,18,'183','2023-06-29 11:47:40',1,10,0,110,'2023-06-27 13:00:00',0,0,0,0,'','completed','2023-06-30 15:33:43','<p>ELY VICENTE - (ACTIVE) Monthly sales P5,000 / Expenses P4,000</p>\r\n<p>NEPH UDAL - (ACTIVE) Monthly sales P6,000 / Expenses P5,000</p>\r\n<p>ANABELLE RAMOS -(ACTIVE) Monthly sales P9,000 / Expenses P7,000</p>\r\n<p>JOHNAPER BABIERA -(ACTIVE) Monthly sales P6,000 / Expenses P5,000</p>\r\n<p>ALMER MAMAC -(ACTIVE) walay tawo</p>\r\n<p>Editha Catane -(ACTIVE) Sales P3,000 / Expenses P4,000</p>\r\n<p>ROMEO MASAMAYOR -(INACTIVE) Nagclose daghan nangutang wala nagbayad</p>\r\n<p>CELIA LAMPARAS -(INACTIVE) Nagclose</p>\r\n<p>ELSA MARAVILLAS -(INACTIVE) nagamit ang capital</p>\r\n<p>LUNITA JALANDUNI -(ACTIVE) Sales P4,000 / Expenses P3,000</p>\r\n<p>ROLANDO VASALLO -(ACTIVE) Sales P3,000 / Expenses P2,000</p>\r\n<p>MELODINA BALI-OS -(ACTIVE) Sales P4,000 / Expenses P2,000</p>\r\n<p>JOSE AUGUSTO -(ACTIVE) Sales P5,000 / Expenses P3,500</p>\r\n<p>MERASOL BALI-OS -(ACTIVE) Sales P3,000 / Expenses P2,000</p>\r\n<p>MARY JANE DANTES -(INACTIVE) nagclose</p>','updated','2023-06-29 13:09:04',NULL),(70,18,'184','2023-06-29 13:41:10',1,4,0,111,'2023-06-30 08:00:00',96,1,0,0,'','completed','2023-07-06 19:00:48','','updated','2023-07-03 09:07:20',NULL),(71,18,'185','2023-06-29 13:42:38',1,1,0,112,'2023-06-30 08:00:00',96,0,0,1,'','completed','2023-07-06 19:05:44','<p>Agenda:</p>\r\n<p>&nbsp; &nbsp; &nbsp; &nbsp; &nbsp; &nbsp;*Discuss about penalties</p>\r\n<p>&nbsp; &nbsp; &nbsp; &nbsp; &nbsp; &nbsp;*Discuss/reminders about by-laws</p>\r\n<p>&nbsp; &nbsp; &nbsp; &nbsp; &nbsp; &nbsp;*Monthly additional maintenance of starter kit</p>\r\n<p>&nbsp; &nbsp; &nbsp; &nbsp; &nbsp; &nbsp;*Rotation in 15 days</p>','updated','2023-07-03 09:25:32',NULL),(72,18,'186','2023-06-29 13:46:24',1,4,0,111,'2023-06-29 09:00:00',53,1,0,0,'','completed','2023-07-06 19:03:46','','updated','2023-07-03 09:27:49',NULL),(73,18,'187','2023-06-29 13:47:48',1,1,0,112,'2023-06-30 09:00:00',53,0,0,1,'','completed','2023-07-06 19:02:31','<p>Agenda:&nbsp;</p>\r\n<p>&nbsp; &nbsp; &nbsp; &nbsp; &nbsp;*collection monthly dues</p>\r\n<p>&nbsp; &nbsp; &nbsp; &nbsp; &nbsp;*uniform for october</p>\r\n<p>&nbsp; &nbsp; &nbsp; &nbsp; &nbsp;*clean the area before selling</p>\r\n<p>concern&amp;issues:</p>\r\n<p>&nbsp; &nbsp; &nbsp; &nbsp; &nbsp; daghan na namaligya na mangga vendors sa area sa mga balot vendors (dili mupatoo isturyahan)</p>','updated','2023-07-03 09:33:54',NULL),(74,19,'188','2023-06-30 16:19:43',1,1,0,112,'2023-06-30 09:00:00',6,0,0,1,'','completed','2023-07-31 14:23:51','<p>* gusto sa ubang membro nga ipadayon to ilang dishwashing liquid business</p>\r\n<p>* sabotan nila sa ilang association nga dapat mag open na jud sila ug bank account.</p>','updated','2023-06-30 16:27:57',NULL),(75,19,'189','2023-06-30 16:22:18',1,4,0,111,'2023-06-30 09:00:00',6,1,0,0,'','completed','2023-07-31 14:24:05','<p>Collections:</p>\r\n<p>&nbsp; &nbsp; &nbsp; &nbsp; &nbsp; Micro - 45, 245</p>\r\n<p>&nbsp; &nbsp; &nbsp; &nbsp; &nbsp; Emergency Loan - 102, 430</p>\r\n<p>* Wala sila report sa rice trading project karon ky nag sakit ang in-charge.</p>\r\n<p>Overdue</p>\r\n<p>&nbsp; Gemma Ighot - 10, 690.00</p>\r\n<p>&nbsp; Elsa Hurga - 3,400.00</p>\r\n<p>&nbsp; Elvira Qui&ntilde;onola - 6, 404.00</p>\r\n<p>&nbsp; Florentina Tac-an - 14,192.00</p>\r\n<p>&nbsp; Francisca Labao - 16,800.00</p>\r\n<p>&nbsp; Conchita Pacarro - 18,296.00</p>','updated','2023-06-30 16:36:06',NULL),(76,19,'190','2023-07-03 16:38:00',1,1,0,112,'2023-07-04 09:00:00',145,0,0,1,'','completed','2023-07-31 14:25:34','','updated','2023-07-10 13:39:59',NULL),(77,19,'191','2023-07-03 16:38:59',1,4,0,111,'2023-07-04 09:00:00',145,1,0,0,'','completed','2023-07-31 14:27:44','<p>*COLLECTIONS*</p>\r\n<p>&nbsp; &nbsp; &nbsp; Micro Lending - 13,756</p>\r\n<p>&nbsp; &nbsp; &nbsp; Rice Trading - 8,830</p>','updated','2023-07-25 10:36:01',NULL),(78,12,'192','2023-07-06 16:51:43',2,8,0,0,'2023-07-05 13:00:00',0,0,0,0,'','completed','2023-07-20 15:53:02','<p class=\"MsoNormal\" style=\"margin-bottom: .0001pt; line-height: 19.5pt; background: white;\"><strong><span style=\"font-size: 11.5pt; font-family: \'Arial\',sans-serif; mso-fareast-font-family: \'Times New Roman\';\">Attended the meeting and actual site inspection at Barangay Buenavista and Proper Langcangan.</span></strong></p>\r\n<p class=\"MsoNormal\" style=\"margin-bottom: .0001pt; line-height: 19.5pt; background: white;\"><strong><span style=\"font-size: 11.5pt; font-family: \'Arial\',sans-serif; mso-fareast-font-family: \'Times New Roman\';\">Project Name: </span></strong></p>\r\n<p class=\"MsoNormal\" style=\"margin-bottom: .0001pt; line-height: 19.5pt; background: white;\"><strong><span style=\"font-size: 11.5pt; font-family: \'Arial\',sans-serif; mso-fareast-font-family: \'Times New Roman\';\">1. Improvement of Water System (Drilling of one unit Deep Well)</span></strong></p>\r\n<p class=\"MsoNormal\" style=\"margin-bottom: .0001pt; line-height: 19.5pt; background: white;\"><strong><span style=\"font-size: 11.5pt; font-family: \'Arial\',sans-serif; mso-fareast-font-family: \'Times New Roman\';\">2. Concreting of V. Zaraga St.</span></strong></p>\r\n<p class=\"MsoNormal\" style=\"margin-bottom: .0001pt; line-height: 19.5pt; background: white;\"><strong><span style=\"font-size: 11.5pt; font-family: \'Arial\',sans-serif; mso-fareast-font-family: \'Times New Roman\';\">Contractor:</span></strong></p>\r\n<p class=\"MsoNormal\" style=\"margin-bottom: .0001pt; line-height: 19.5pt; background: white;\"><strong><span style=\"font-size: 11.5pt; font-family: \'Arial\',sans-serif; mso-fareast-font-family: \'Times New Roman\';\">1. SBU Builders &amp; Gen. Mdse.</span></strong></p>\r\n<p class=\"MsoNormal\" style=\"margin-bottom: .0001pt; line-height: 19.5pt; background: white;\"><strong><span style=\"font-size: 11.5pt; font-family: \'Arial\',sans-serif; mso-fareast-font-family: \'Times New Roman\';\">2. DDS Builders</span></strong></p>\r\n<p class=\"MsoNormal\" style=\"margin-bottom: .0001pt; line-height: 19.5pt; background: white;\"><strong><span style=\"font-size: 11.5pt; font-family: \'Arial\',sans-serif; mso-fareast-font-family: \'Times New Roman\';\">Project Cost:</span></strong></p>\r\n<p class=\"MsoNormal\" style=\"margin-bottom: .0001pt; line-height: 19.5pt; background: white;\"><strong><span style=\"font-size: 11.5pt; font-family: \'Arial\',sans-serif; mso-fareast-font-family: \'Times New Roman\';\">1. Php 948,700.00</span></strong></p>\r\n<p class=\"MsoNormal\" style=\"margin-bottom: .0001pt; line-height: 19.5pt; background: white;\"><strong><span style=\"font-size: 11.5pt; font-family: \'Arial\',sans-serif; mso-fareast-font-family: \'Times New Roman\';\">2. Php 1, 842,080.56</span></strong></p>\r\n<p class=\"MsoNormal\" style=\"margin-bottom: .0001pt; line-height: 19.5pt; background: white;\"><strong><span style=\"font-size: 11.5pt; font-family: \'Arial\',sans-serif; mso-fareast-font-family: \'Times New Roman\';\">Nature of Project: LGU funded Project</span></strong></p>\r\n<p class=\"MsoNormal\" style=\"margin-bottom: .0001pt; line-height: 19.5pt; background: white;\"><strong><span style=\"font-size: 11.5pt; font-family: \'Arial\',sans-serif; mso-fareast-font-family: \'Times New Roman\';\">The project was 100% completed, Assisted and attended by Richard Liberto July 5, 2023 @ 1pm.</span></strong></p>\r\n<p class=\"MsoNormal\" style=\"margin-bottom: .0001pt; line-height: 19.5pt; background: white;\">&nbsp;</p>','updated','2023-07-07 11:17:07',NULL),(79,12,'193','2023-07-06 16:52:29',2,8,0,0,'2023-07-07 13:00:00',0,0,0,0,'','completed','2023-07-20 15:52:30','<p class=\"MsoNormal\" style=\"margin-bottom: .0001pt; line-height: 19.5pt; background: white;\"><strong><span style=\"font-size: 11.5pt; font-family: \'Arial\',sans-serif; mso-fareast-font-family: \'Times New Roman\';\">Attended the meeting and actual site inspection at Barangay Ciriaco Pastrano</span></strong></p>\r\n<p class=\"MsoNormal\" style=\"margin-bottom: .0001pt; line-height: 19.5pt; background: white;\"><strong><span style=\"font-size: 11.5pt; font-family: \'Arial\',sans-serif; mso-fareast-font-family: \'Times New Roman\';\">Project Name: Potable Water System</span></strong></p>\r\n<p class=\"MsoNormal\" style=\"margin-bottom: .0001pt; line-height: 19.5pt; background: white;\"><strong><span style=\"font-size: 11.5pt; font-family: \'Arial\',sans-serif; mso-fareast-font-family: \'Times New Roman\';\">Contractor:SBU Builders &amp; General Mdse.</span></strong></p>\r\n<p class=\"MsoNormal\" style=\"margin-bottom: .0001pt; line-height: 19.5pt; background: white;\"><strong><span style=\"font-size: 11.5pt; font-family: \'Arial\',sans-serif; mso-fareast-font-family: \'Times New Roman\';\">Project Cost: Php 948,700.00</span></strong></p>\r\n<p class=\"MsoNormal\" style=\"margin-bottom: .0001pt; line-height: 19.5pt; background: white;\"><strong><span style=\"font-size: 11.5pt; font-family: \'Arial\',sans-serif; mso-fareast-font-family: \'Times New Roman\';\">Nature of Project: LGU Funded Project</span></strong></p>\r\n<p class=\"MsoNormal\" style=\"margin-bottom: .0001pt; line-height: 19.5pt; background: white;\"><strong><span style=\"font-size: 11.5pt; font-family: \'Arial\',sans-serif; mso-fareast-font-family: \'Times New Roman\';\">The project was 100% completed and it now operating to serve the barangay</span></strong></p>','updated','2023-07-07 15:40:02',NULL),(80,13,'194','2023-07-07 15:41:14',2,7,0,31,'2023-07-07 15:41:01',0,0,0,0,'<p>Please include all details</p>','completed','2023-07-20 16:25:57','<p>No. of Applicants - 19</p>\r\n<p>Female - 13</p>\r\n<p>&nbsp;Hired - 2</p>','updated','2023-07-20 16:21:39','2023-07-20 08:25:42'),(81,19,'195','2023-07-10 13:47:59',1,4,0,111,'2023-07-07 09:00:00',36,1,0,0,'','completed','2023-07-31 14:57:45','','updated','2023-07-25 09:39:06',NULL),(82,19,'196','2023-07-10 13:49:29',1,1,0,112,'2023-07-07 09:00:00',36,0,0,1,'','completed','2023-07-31 14:58:03','<p>AGENDA:</p>\r\n<p>1. Mag schedule makuha ug gabi karong sunod bulan.</p>\r\n<p>2. Gi report sa president ang mga officers sa federated.</p>\r\n<p>3. Adunay gipasabot si mayor sa meeting sa federated nga hatagan ug livelihood ang mga kababayehan.</p>\r\n<p>4. Bahin sa VAWC ug moduol sa barangay aron matabangan.</p>\r\n<p>5. Ug mag harvest sa gabi itapok tanan sa barangay hall aron mahibaw-an ug pila ka kilo.</p>\r\n<p>6. ug adunay mi halin sa gabi nga 1,034.50 (41.5 kls)</p>','updated','2023-07-25 09:52:11',NULL),(83,19,'197','2023-07-10 13:50:06',1,1,0,112,'2023-07-10 14:00:00',58,0,0,1,'','completed','2023-07-31 14:58:18','<p>&nbsp; &nbsp; &nbsp; &nbsp; &nbsp; &nbsp; &nbsp; &nbsp; &nbsp; &nbsp; &nbsp; *General Merchandise*</p>\r\n<p>* Cash on Hand - 60,121.00</p>\r\n<p>*Nasabotan nila nga mag open account sila para General Merchandise nila halin.</p>\r\n<p>* Nasabotan sa association nga scheduling ang manindira sa tindahan.</p>\r\n<p>* ISSUES - magka short2 ilang income sa tindahan tungod anang lahi-lahi ang tindera.</p>\r\n<p>* Halos sunod-sunod na ila pag panirado sa tindahan ky walai mu tindera.</p>\r\n<p>&nbsp; &nbsp; &nbsp; &nbsp; &nbsp;</p>','updated','2023-07-25 16:51:05',NULL),(84,19,'198','2023-07-10 13:50:54',1,4,0,111,'2023-07-10 14:00:00',58,1,0,0,'','completed','2023-07-31 14:58:33','<p>* Coolection sa micro lending - 38,694</p>\r\n<p>* Cash on hand sa tindahan - 60,121.00</p>','updated','2023-07-25 16:55:21',NULL),(85,12,'199','2023-07-10 16:03:40',2,8,0,0,'2023-07-10 13:00:00',0,0,0,0,'','completed','2023-07-20 15:54:34','<p class=\"MsoNormal\" style=\"margin-bottom: .0001pt; line-height: 19.5pt; background: white;\"><strong><span style=\"font-size: 11.5pt; font-family: \'Arial\',sans-serif; mso-fareast-font-family: \'Times New Roman\';\">Attended the meeting and actual site inspection at Barangay Tuyabang Bajo</span></strong></p>\r\n<p class=\"MsoNormal\" style=\"margin-bottom: .0001pt; line-height: 19.5pt; background: white;\"><strong><span style=\"font-size: 11.5pt; font-family: \'Arial\',sans-serif; mso-fareast-font-family: \'Times New Roman\';\">Project Name:Improvement of Water System</span></strong></p>\r\n<p class=\"MsoNormal\" style=\"margin-bottom: .0001pt; line-height: 19.5pt; background: white;\"><strong><span style=\"font-size: 11.5pt; font-family: \'Arial\',sans-serif; mso-fareast-font-family: \'Times New Roman\';\">Contractor: SBU Builders and General Merchandise</span></strong></p>\r\n<p class=\"MsoNormal\" style=\"margin-bottom: .0001pt; line-height: 19.5pt; background: white;\"><strong><span style=\"font-size: 11.5pt; font-family: \'Arial\',sans-serif; mso-fareast-font-family: \'Times New Roman\';\">Project Cost: Php 1,897,000.00</span></strong></p>\r\n<p class=\"MsoNormal\" style=\"margin-bottom: .0001pt; line-height: 19.5pt; background: white;\"><strong><span style=\"font-size: 11.5pt; font-family: \'Arial\',sans-serif; mso-fareast-font-family: \'Times New Roman\';\">Nature of Project: LGU funded project</span></strong></p>\r\n<p class=\"MsoNormal\" style=\"margin-bottom: .0001pt; line-height: 19.5pt; background: white;\"><strong><span style=\"font-size: 11.5pt; font-family: \'Arial\',sans-serif; mso-fareast-font-family: \'Times New Roman\';\">The project was 100% completed and assisted with the City Project Monitoring Committee</span></strong></p>','updated','2023-07-10 16:09:46',NULL),(87,12,'200','2023-07-14 13:02:51',2,8,0,0,'2023-07-14 13:00:00',0,0,0,0,'','completed','2023-07-20 15:54:03','<p class=\"MsoNormal\" style=\"margin-bottom: .0001pt; line-height: 19.5pt; background: white;\"><strong><span style=\"font-size: 11.5pt; font-family: \'Arial\',sans-serif; mso-fareast-font-family: \'Times New Roman\';\">Attended the meeting and actual site inspection at Barangay Tuyabang Proper</span></strong></p>\r\n<p class=\"MsoNormal\" style=\"margin-bottom: .0001pt; line-height: 19.5pt; background: white;\"><strong><span style=\"font-size: 11.5pt; font-family: \'Arial\',sans-serif; mso-fareast-font-family: \'Times New Roman\';\">Project Name: Improvement of Tuyabang Proper Water System</span></strong></p>\r\n<p class=\"MsoNormal\" style=\"margin-bottom: .0001pt; line-height: 19.5pt; background: white;\"><strong><span style=\"font-size: 11.5pt; font-family: \'Arial\',sans-serif; mso-fareast-font-family: \'Times New Roman\';\">Contractor: SBU Builders &amp; General Mdse.</span></strong></p>\r\n<p class=\"MsoNormal\" style=\"margin-bottom: .0001pt; line-height: 19.5pt; background: white;\"><strong><span style=\"font-size: 11.5pt; font-family: \'Arial\',sans-serif; mso-fareast-font-family: \'Times New Roman\';\">Project Cost: Php 1,000,000.00</span></strong></p>\r\n<p class=\"MsoNormal\" style=\"margin-bottom: .0001pt; line-height: 19.5pt; background: white;\"><strong><span style=\"font-size: 11.5pt; font-family: \'Arial\',sans-serif; mso-fareast-font-family: \'Times New Roman\';\">Nature of Project: LGU funded project</span></strong></p>\r\n<p class=\"MsoNormal\" style=\"margin-bottom: .0001pt; line-height: 19.5pt; background: white;\"><strong><span style=\"font-size: 11.5pt; font-family: \'Arial\',sans-serif; mso-fareast-font-family: \'Times New Roman\';\">The project was 100% completed.</span></strong></p>\r\n<p class=\"MsoNormal\" style=\"margin-bottom: .0001pt; line-height: 19.5pt; background: white;\">The project site was inspected and participated with PESO staff Katlyn Mary Daraman.</p>','updated','2023-07-14 15:07:18',NULL),(88,12,'201','2023-07-18 11:56:17',2,8,0,0,'2023-07-17 13:00:00',0,0,0,0,'','completed','2023-07-20 16:08:53','<p class=\"MsoNormal\" style=\"margin-bottom: .0001pt; line-height: 19.5pt; background: white;\"><strong><span style=\"font-size: 11.5pt; font-family: \'Arial\',sans-serif; mso-fareast-font-family: \'Times New Roman\';\">Attended the meeting and actual site inspection at Barangay Tuyabang Alto</span></strong></p>\r\n<p class=\"MsoNormal\" style=\"margin-bottom: .0001pt; line-height: 19.5pt; background: white;\"><strong><span style=\"font-size: 11.5pt; font-family: \'Arial\',sans-serif; mso-fareast-font-family: \'Times New Roman\';\">Project Name: Construction of Brgy Tuyabang Alto Water System w/ Pipes</span></strong></p>\r\n<p class=\"MsoNormal\" style=\"margin-bottom: .0001pt; line-height: 19.5pt; background: white;\"><strong><span style=\"font-size: 11.5pt; font-family: \'Arial\',sans-serif; mso-fareast-font-family: \'Times New Roman\';\">Contractor: SBU Builders &amp; General Mdse.</span></strong></p>\r\n<p class=\"MsoNormal\" style=\"margin-bottom: .0001pt; line-height: 19.5pt; background: white;\"><strong><span style=\"font-size: 11.5pt; font-family: \'Arial\',sans-serif; mso-fareast-font-family: \'Times New Roman\';\">Project Cost: Php 1,884,100.00</span></strong></p>\r\n<p class=\"MsoNormal\" style=\"margin-bottom: .0001pt; line-height: 19.5pt; background: white;\"><strong><span style=\"font-size: 11.5pt; font-family: \'Arial\',sans-serif; mso-fareast-font-family: \'Times New Roman\';\">Nature of Project: LGU funded project</span></strong></p>\r\n<p class=\"MsoNormal\" style=\"margin-bottom: .0001pt; line-height: 19.5pt; background: white;\"><strong><span style=\"font-size: 11.5pt; font-family: \'Arial\',sans-serif; mso-fareast-font-family: \'Times New Roman\';\">The project was 100% completed and participated the inspected by Katlyn Mary Daraman with the City Project MonitoringTeam.</span></strong></p>','updated','2023-07-18 15:41:27',NULL),(89,12,'202','2023-07-19 16:01:56',2,6,0,65,'2023-07-19 13:30:00',0,0,0,0,'','completed','2023-07-31 15:49:51','<p style=\"margin: 0in; margin-bottom: .0001pt; line-height: 19.5pt;\"><strong style=\"mso-bidi-font-weight: normal;\"><span style=\"font-size: 11.5pt; font-family: \'Arial\',sans-serif; color: #444444;\">PROJECT TITLE: </span></strong><span style=\"font-size: 11.5pt; font-family: \'Arial\',sans-serif; color: #444444;\">Construction of Shoreline of Protection</span></p>\r\n<p style=\"margin: 0in; margin-bottom: .0001pt; line-height: 19.5pt;\"><strong style=\"mso-bidi-font-weight: normal;\"><span style=\"font-size: 11.5pt; font-family: \'Arial\',sans-serif; color: #444444;\">CONTRACTOR: </span></strong><span style=\"font-size: 11.5pt; font-family: \'Arial\',sans-serif; color: #444444;\">DDS Builders</span></p>\r\n<p style=\"margin: 0in; margin-bottom: .0001pt; line-height: 19.5pt;\"><strong style=\"mso-bidi-font-weight: normal;\"><span style=\"font-size: 11.5pt; font-family: \'Arial\',sans-serif; color: #444444;\">PROJECT LOCATION:</span></strong><span style=\"font-size: 11.5pt; font-family: \'Arial\',sans-serif; color: #444444;\">&nbsp;Taboc Norte, Oroquieta City</span></p>\r\n<p style=\"margin: 0in; margin-bottom: .0001pt; line-height: 19.5pt;\"><strong style=\"mso-bidi-font-weight: normal;\"><span style=\"font-size: 11.5pt; font-family: \'Arial\',sans-serif; color: #444444;\">PROJECT NATURE: </span></strong><span style=\"font-size: 11.5pt; font-family: \'Arial\',sans-serif; color: #444444;\">LGU Funded &amp;</span><span style=\"font-size: 11.5pt; font-family: \'Arial\',sans-serif; color: #444444;\"> <span style=\"mso-spacerun: yes;\">&nbsp;</span>Implemented</span></p>\r\n<p style=\"margin: 0in; margin-bottom: .0001pt; line-height: 19.5pt;\"><strong style=\"mso-bidi-font-weight: normal;\"><span style=\"font-size: 11.5pt; font-family: \'Arial\',sans-serif; color: #444444;\">PROJECT COST:</span></strong><span style=\"font-size: 11.5pt; font-family: \'Arial\',sans-serif; color: #444444;\"> Php 2,834,519.94</span></p>\r\n<p style=\"margin: 0in; margin-bottom: .0001pt; line-height: 19.5pt;\"><strong style=\"mso-bidi-font-weight: normal;\"><span style=\"font-size: 11.5pt; font-family: \'Arial\',sans-serif; color: #444444;\">DATE STARTED:</span></strong><span style=\"font-size: 11.5pt; font-family: \'Arial\',sans-serif; color: #444444;\">&nbsp;March 20, 2023</span></p>\r\n<p style=\"margin: 0in; margin-bottom: .0001pt; line-height: 19.5pt;\"><strong style=\"mso-bidi-font-weight: normal;\"><span style=\"font-size: 11.5pt; font-family: \'Arial\',sans-serif; color: #444444;\">DATE OF MONITORING:</span></strong><span style=\"font-size: 11.5pt; font-family: \'Arial\',sans-serif; color: #444444;\">July 19, 2023</span></p>\r\n<p style=\"margin: 0in; margin-bottom: .0001pt; line-height: 19.5pt;\"><strong style=\"mso-bidi-font-weight: normal;\"><span style=\"font-size: 11.5pt; font-family: \'Arial\',sans-serif; color: #444444;\">SPECIFIC ACTIVITY: </span></strong><span style=\"font-size: 11.5pt; font-family: \'Arial\',sans-serif; color: #444444;\">demolish existing riprap</span></p>\r\n<p style=\"margin: 0in; margin-bottom: .0001pt; line-height: 19.5pt;\"><strong style=\"mso-bidi-font-weight: normal;\"><span style=\"font-size: 11.5pt; font-family: \'Arial\',sans-serif; color: #444444;\">Percentage of SKILLED WORKERS</span></strong><span style=\"font-size: 11.5pt; font-family: \'Arial\',sans-serif; color: #444444;\">-50%, LHSW- 2 from Within Project barangay(Taboc Norte) and 1 Far barangay(Mobod) and 3 from Outside Oroquieta</span></p>\r\n<p style=\"margin: 0in; margin-bottom: .0001pt; line-height: 19.5pt;\"><strong style=\"mso-bidi-font-weight: normal;\"><span style=\"font-size: 11.5pt; font-family: \'Arial\',sans-serif; color: #444444;\">Percentage of SKILLED WORKERS</span></strong><span style=\"font-size: 11.5pt; font-family: \'Arial\',sans-serif; color: #444444;\">-16.67%, LHUSW-1 from Far&nbsp; barangay(Lamac Upper) and 5 from Outside Oroquieta</span></p>\r\n<p style=\"margin: 0in; margin-bottom: .0001pt; line-height: 19.5pt;\"><strong style=\"mso-bidi-font-weight: normal;\"><span style=\"font-size: 11.5pt; font-family: \'Arial\',sans-serif; color: red;\">COMPLIANT</span></strong><span style=\"font-size: 11.5pt; font-family: \'Arial\',sans-serif; color: #444444;\">- on SKILLED WORKERS based on Labor Localization Ordinance</span></p>\r\n<p style=\"margin: 0in; margin-bottom: .0001pt; line-height: 19.5pt;\"><strong><span style=\"font-size: 11.5pt; font-family: \'Arial\',sans-serif; color: red;\">NON COMPLIANT&nbsp;</span></strong>-onUNSKILLED WORKERS&nbsp;<span style=\"color: #444444; font-family: Arial, sans-serif; font-size: 11.5pt;\">based on Labor Localization Ordinance</span></p>','updated','2023-07-28 15:00:31',NULL),(90,12,'203','2023-07-19 16:07:17',2,6,0,66,'2023-07-19 13:30:00',0,0,0,0,'','completed','2023-07-20 15:31:26','<p class=\"MsoNormal\" style=\"margin-bottom: .0001pt; line-height: 19.5pt; background: white;\"><strong><span style=\"font-size: 11.5pt; font-family: \'Arial\',sans-serif; mso-fareast-font-family: \'Times New Roman\';\">Project Name: Concreting of V. Zaraga Street</span></strong></p>\r\n<p class=\"MsoNormal\" style=\"margin-bottom: .0001pt; line-height: 19.5pt; background: white;\"><strong><span style=\"font-size: 11.5pt; font-family: \'Arial\',sans-serif; mso-fareast-font-family: \'Times New Roman\';\">Contractor: DDS Builders</span></strong></p>\r\n<p class=\"MsoNormal\" style=\"margin-bottom: .0001pt; line-height: 19.5pt; background: white;\"><strong><span style=\"font-size: 11.5pt; font-family: \'Arial\',sans-serif; mso-fareast-font-family: \'Times New Roman\';\">Project Cost: Php 1,842,080.56</span></strong></p>\r\n<p class=\"MsoNormal\" style=\"margin-bottom: .0001pt; line-height: 19.5pt; background: white;\"><strong><span style=\"font-size: 11.5pt; font-family: \'Arial\',sans-serif; mso-fareast-font-family: \'Times New Roman\';\">Nature of Project: LGU Funded Project</span></strong></p>\r\n<p class=\"MsoNormal\" style=\"margin-bottom: .0001pt; line-height: 19.5pt; background: white;\"><strong><span style=\"font-size: 11.5pt; font-family: \'Arial\',sans-serif; mso-fareast-font-family: \'Times New Roman\';\">Employment Generated: 16</span></strong></p>\r\n<p class=\"MsoNormal\" style=\"margin-bottom: .0001pt; line-height: 19.5pt; background: white;\"><strong><span style=\"font-size: 11.5pt; font-family: \'Arial\',sans-serif; mso-fareast-font-family: \'Times New Roman\';\">Date of Completion: June 30, 2023</span></strong></p>','updated','2023-07-19 16:34:43',NULL),(91,12,'204','2023-07-19 16:12:06',2,8,0,0,'2023-07-19 13:00:00',0,0,0,0,'','completed','2023-07-20 15:32:13','<p class=\"MsoNormal\" style=\"margin-bottom: .0001pt; line-height: 19.5pt; background: white;\"><strong><span style=\"font-size: 11.5pt; font-family: \'Arial\',sans-serif; mso-fareast-font-family: \'Times New Roman\';\">Attended the meeting and actual site inspection at Barangay Villaflor</span></strong></p>\r\n<p class=\"MsoNormal\" style=\"margin-bottom: .0001pt; line-height: 19.5pt; background: white;\"><strong><span style=\"font-size: 11.5pt; font-family: \'Arial\',sans-serif; mso-fareast-font-family: \'Times New Roman\';\">Project Name: Construction/Improvement of Villaflor Level III Water System</span></strong></p>\r\n<p class=\"MsoNormal\" style=\"margin-bottom: .0001pt; line-height: 19.5pt; background: white;\"><strong><span style=\"font-size: 11.5pt; font-family: \'Arial\',sans-serif; mso-fareast-font-family: \'Times New Roman\';\">Contractor: Square Cube Construction</span></strong></p>\r\n<p class=\"MsoNormal\" style=\"margin-bottom: .0001pt; line-height: 19.5pt; background: white;\"><strong><span style=\"font-size: 11.5pt; font-family: \'Arial\',sans-serif; mso-fareast-font-family: \'Times New Roman\';\">Project Cost: Php 3,000,000.00</span></strong></p>\r\n<p class=\"MsoNormal\" style=\"margin-bottom: .0001pt; line-height: 19.5pt; background: white;\"><strong><span style=\"font-size: 11.5pt; font-family: \'Arial\',sans-serif; mso-fareast-font-family: \'Times New Roman\';\">Nature of Project: LGU Funded Project</span></strong></p>\r\n<p class=\"MsoNormal\" style=\"margin-bottom: .0001pt; line-height: 19.5pt; background: white;\"><strong><span style=\"font-size: 11.5pt; font-family: \'Arial\',sans-serif; mso-fareast-font-family: \'Times New Roman\';\">The project was 100% completed but with major lapses on the contractors side. Being hold by the Chairman and committee of the City Project Monitoring Committee. Attended by Richard Liberto.</span></strong></p>','updated','2023-07-19 16:26:17',NULL),(92,18,'205','2023-07-20 14:56:12',1,1,0,112,'2023-07-07 14:00:00',57,0,0,1,'','completed','2023-07-20 15:44:04','<p>Agenda:</p>\r\n<p>* Imposed penalty for noisy therapist</p>\r\n<p>* Income report</p>\r\n<p>* rotation therapist handling client</p>\r\n<p>* anniversary July 28 - (Masabay Sabati area-tentative)</p>','updated','2023-07-20 15:09:25',NULL),(93,18,'206','2023-07-20 15:04:13',1,4,0,0,'2023-07-07 14:00:00',57,1,0,0,'','completed','2023-07-20 15:43:31',NULL,'to-update','0000-00-00 00:00:00',NULL),(94,18,'207','2023-07-20 15:08:40',1,1,0,136,'2023-07-07 09:00:00',96,0,0,1,'','completed','2023-07-31 16:04:50','<p>Agenda:&nbsp;</p>\r\n<p>&nbsp; &nbsp; &nbsp; * Business Asso. operation</p>\r\n<p>&nbsp; &nbsp; &nbsp; * New applicant of plaza vendors</p>\r\n<p>&nbsp; &nbsp; &nbsp;Note: New applicant willing to attend monthly meeting of plaza vendors asso.</p>\r\n<p>&nbsp; &nbsp; &nbsp;*suggest to attend trainings in food handling</p>\r\n<p>&nbsp;</p>\r\n<p>Issues &amp; concern:</p>\r\n<p>&nbsp; &nbsp; *Ang officers nagpahibalo sila na as of now nag full space na ilang area but willing sila mu accept new applicant to sale as long naay sakto or dako na area and not same product sa mga old vendors.</p>\r\n<p>&nbsp; &nbsp;&nbsp;</p>\r\n<p>&nbsp;</p>','updated','2023-07-20 15:19:09',NULL),(95,26,'208','2023-07-20 16:08:03',2,7,0,31,'2023-07-21 16:06:52',0,0,0,0,'','completed','2023-07-31 15:48:27','<p>Total number of applicants- 20</p>\r\n<p>For Final Interview- 20</p>\r\n<p>Total number of females- 9</p>','updated','2023-07-31 15:45:57',NULL),(96,12,'209','2023-07-21 11:12:27',2,6,0,65,'2023-07-20 13:30:00',0,0,0,0,'','completed','2023-07-31 15:10:33','<p class=\"MsoNormal\" style=\"margin-bottom: .0001pt; line-height: 19.5pt;\"><strong><span style=\"font-size: 11.5pt; font-family: \'Arial\',sans-serif; mso-fareast-font-family: \'Times New Roman\'; color: #444444;\">PROJECT TITLE:&nbsp;</span></strong><span style=\"font-size: 11.5pt; font-family: \'Arial\',sans-serif; mso-fareast-font-family: \'Times New Roman\'; color: #444444;\">23KI0077-Rehabilitation of Drainage Along National Roads&nbsp; </span><strong><span style=\"font-size: 11.5pt; font-family: \'Arial\',sans-serif; mso-fareast-font-family: \'Times New Roman\'; color: #444444;\">CONTRACTOR:&nbsp;</span></strong><span style=\"font-size: 11.5pt; font-family: \'Arial\',sans-serif; mso-fareast-font-family: \'Times New Roman\'; color: #444444;\">SBU Builders &amp; General Merchandise&nbsp; &nbsp; &nbsp; &nbsp; &nbsp; &nbsp; &nbsp; &nbsp; &nbsp; &nbsp; &nbsp; &nbsp;</span></p>\r\n<p class=\"MsoNormal\" style=\"margin-bottom: .0001pt; line-height: 19.5pt;\"><strong><span style=\"font-size: 11.5pt; font-family: \'Arial\',sans-serif; mso-fareast-font-family: \'Times New Roman\'; color: #444444;\">PROJECT LOCATION:</span></strong><span style=\"font-size: 11.5pt; font-family: \'Arial\',sans-serif; mso-fareast-font-family: \'Times New Roman\'; color: #444444;\">&nbsp;Canubay-Mobod, Oroquieta City</span></p>\r\n<p class=\"MsoNormal\" style=\"margin-bottom: .0001pt; line-height: 19.5pt;\"><strong><span style=\"font-size: 11.5pt; font-family: \'Arial\',sans-serif; mso-fareast-font-family: \'Times New Roman\'; color: #444444;\">PROJECT NATURE:</span></strong><span style=\"font-size: 11.5pt; font-family: \'Arial\',sans-serif; mso-fareast-font-family: \'Times New Roman\'; color: #444444;\">&nbsp;DPWH Funded &amp;&nbsp;Implemented</span><span style=\"font-size: 11.5pt; font-family: \'Arial\',sans-serif; mso-fareast-font-family: \'Times New Roman\'; color: #444444;\"><span style=\"font-family: Verdana, sans-serif;\">&nbsp; &nbsp; &nbsp; &nbsp; &nbsp; &nbsp; &nbsp; &nbsp; &nbsp; &nbsp; &nbsp; &nbsp; </span></span></p>\r\n<p class=\"MsoNormal\" style=\"margin-bottom: .0001pt; line-height: 19.5pt;\"><strong><span style=\"font-size: 11.5pt; font-family: \'Arial\',sans-serif; mso-fareast-font-family: \'Times New Roman\'; color: #444444;\">PROJECT COST:</span></strong><span style=\"font-size: 11.5pt; font-family: \'Arial\',sans-serif; mso-fareast-font-family: \'Times New Roman\'; color: #444444;\">&nbsp;Php 4,260,938.88</span></p>\r\n<p class=\"MsoNormal\" style=\"margin-bottom: .0001pt; line-height: 19.5pt;\"><strong><span style=\"font-size: 11.5pt; font-family: \'Arial\',sans-serif; mso-fareast-font-family: \'Times New Roman\'; color: #444444;\">DATE STARTED:</span></strong><span style=\"font-size: 11.5pt; font-family: \'Arial\',sans-serif; mso-fareast-font-family: \'Times New Roman\'; color: #444444;\">&nbsp;April 02, 2023</span></p>\r\n<p class=\"MsoNormal\" style=\"margin-bottom: .0001pt; line-height: 19.5pt;\"><strong><span style=\"font-size: 11.5pt; font-family: \'Arial\',sans-serif; mso-fareast-font-family: \'Times New Roman\'; color: #444444;\">DATE OF MONITORING:</span></strong><span style=\"font-size: 11.5pt; font-family: \'Arial\',sans-serif; mso-fareast-font-family: \'Times New Roman\'; color: #444444;\">&nbsp;July 20, 2023</span></p>\r\n<p class=\"MsoNormal\" style=\"margin-bottom: .0001pt; line-height: 19.5pt;\"><strong><span style=\"font-size: 11.5pt; font-family: \'Arial\',sans-serif; mso-fareast-font-family: \'Times New Roman\'; color: #444444;\">SPECIFIC ACTIVITY:</span></strong><span style=\"font-size: 11.5pt; font-family: \'Arial\',sans-serif; mso-fareast-font-family: \'Times New Roman\'; color: #444444;\">reinforcement of bars and iron rod positioning</span></p>\r\n<p class=\"MsoNormal\" style=\"margin-bottom: .0001pt; line-height: 19.5pt;\"><strong><span style=\"font-size: 11.5pt; font-family: \'Arial\',sans-serif; mso-fareast-font-family: \'Times New Roman\'; color: #444444;\">Percentage of SKILLED WORKERS</span></strong><span style=\"font-size: 11.5pt; font-family: \'Arial\',sans-serif; mso-fareast-font-family: \'Times New Roman\'; color: #444444;\">-100%, LHSW-1 from Nearby&nbsp; barangay(Lamac Lower) and 1 from Far barangay(San Vicente Bajo)</span></p>\r\n<p class=\"MsoNormal\" style=\"margin-bottom: .0001pt; line-height: 19.5pt;\"><strong><span style=\"font-size: 11.5pt; font-family: \'Arial\',sans-serif; mso-fareast-font-family: \'Times New Roman\'; color: #444444;\">Percentage of SKILLED WORKERS</span></strong><span style=\"font-size: 11.5pt; font-family: \'Arial\',sans-serif; mso-fareast-font-family: \'Times New Roman\'; color: #444444;\">-100%, LHUSW-1 from Nearby barangay(Lamac Lower) and 6 from Far barangay(San Vicente Bajo,Dullan Norte,Pines,Talairon,Apil)</span></p>\r\n<p class=\"MsoNormal\" style=\"margin-bottom: .0001pt; line-height: 19.5pt;\"><strong><span style=\"font-size: 11.5pt; font-family: \'Arial\',sans-serif; mso-fareast-font-family: \'Times New Roman\'; color: red;\">COMPLIANT</span></strong><span style=\"font-size: 11.5pt; font-family: \'Arial\',sans-serif; mso-fareast-font-family: \'Times New Roman\'; color: #444444;\">-based on Labor Localization Ordinance</span></p>\r\n<p class=\"MsoNormal\" style=\"margin-bottom: .0001pt; line-height: 19.5pt;\"><span style=\"font-size: 10.5pt; font-family: \'Verdana\',sans-serif; mso-fareast-font-family: \'Times New Roman\'; mso-bidi-font-family: \'Times New Roman\'; color: black;\">&nbsp;</span></p>','updated','2023-07-28 14:46:02',NULL),(97,12,'210','2023-07-21 11:13:28',2,6,0,65,'2023-07-21 22:30:00',0,0,0,0,'','completed','2023-07-31 15:10:58','<p style=\"margin: 0in; margin-bottom: .0001pt; line-height: 19.5pt;\"><strong style=\"mso-bidi-font-weight: normal;\"><span style=\"font-size: 11.5pt; font-family: \'Arial\',sans-serif; color: #444444;\">PROJECT TITLE: </span></strong><span style=\"font-size: 11.5pt; font-family: \'Arial\',sans-serif; color: #444444;\">Emergency Operation Center (Phase I)</span></p>\r\n<p style=\"margin: 0in; margin-bottom: .0001pt; line-height: 19.5pt;\"><strong style=\"mso-bidi-font-weight: normal;\"><span style=\"font-size: 11.5pt; font-family: \'Arial\',sans-serif; color: #444444;\">CONTRACTOR: </span></strong><span style=\"font-size: 11.5pt; font-family: \'Arial\',sans-serif; color: #444444;\">SBU Builders &amp; General Merchandise</span></p>\r\n<p style=\"margin: 0in; margin-bottom: .0001pt; line-height: 19.5pt;\"><strong style=\"mso-bidi-font-weight: normal;\"><span style=\"font-size: 11.5pt; font-family: \'Arial\',sans-serif; color: #444444;\">PROJECT LOCATION:</span></strong><span style=\"font-size: 11.5pt; font-family: \'Arial\',sans-serif; color: #444444;\">&nbsp;Canubay, Oroquieta City</span></p>\r\n<p style=\"margin: 0in; margin-bottom: .0001pt; line-height: 19.5pt;\"><strong style=\"mso-bidi-font-weight: normal;\"><span style=\"font-size: 11.5pt; font-family: \'Arial\',sans-serif; color: #444444;\">PROJECT NATURE:</span></strong><span style=\"font-size: 11.5pt; font-family: \'Arial\',sans-serif; color: #444444;\">&nbsp; LGU Funded<span style=\"mso-spacerun: yes;\">&nbsp;</span>Implemented</span></p>\r\n<p style=\"margin: 0in; margin-bottom: .0001pt; line-height: 19.5pt;\"><strong style=\"mso-bidi-font-weight: normal;\"><span style=\"font-size: 11.5pt; font-family: \'Arial\',sans-serif; color: #444444;\">PROJECT COST:</span></strong><span style=\"font-size: 11.5pt; font-family: \'Arial\',sans-serif; color: #444444;\"> Php 7,863,500.00</span></p>\r\n<p style=\"margin: 0in; margin-bottom: .0001pt; line-height: 19.5pt;\"><strong style=\"mso-bidi-font-weight: normal;\"><span style=\"font-size: 11.5pt; font-family: \'Arial\',sans-serif; color: #444444;\">DATE STARTED:</span></strong><span style=\"font-size: 11.5pt; font-family: \'Arial\',sans-serif; color: #444444;\">&nbsp;September 28, 2023</span></p>\r\n<p style=\"margin: 0in; margin-bottom: .0001pt; line-height: 19.5pt;\"><strong style=\"mso-bidi-font-weight: normal;\"><span style=\"font-size: 11.5pt; font-family: \'Arial\',sans-serif; color: #444444;\">DATE OF MONITORING:</span></strong><span style=\"font-size: 11.5pt; font-family: \'Arial\',sans-serif; color: #444444;\">&nbsp;July 21, 2023</span></p>\r\n<p style=\"margin: 0in; margin-bottom: .0001pt; line-height: 19.5pt;\"><strong style=\"mso-bidi-font-weight: normal;\"><span style=\"font-size: 11.5pt; font-family: \'Arial\',sans-serif; color: #444444;\">SPECIFIC ACTIVITY: </span></strong><span style=\"font-size: 11.5pt; font-family: \'Arial\',sans-serif; color: #444444;\">ceiling works, concrete wall finish , wiring works</span></p>\r\n<p style=\"margin: 0in; margin-bottom: .0001pt; line-height: 19.5pt;\"><strong style=\"mso-bidi-font-weight: normal;\"><span style=\"font-size: 11.5pt; font-family: \'Arial\',sans-serif; color: #444444;\">Percentage of SKILLED WORKERS</span></strong><span style=\"font-size: 11.5pt; font-family: \'Arial\',sans-serif; color: #444444;\">-91.91%, LHSW-1&nbsp; from Nearby barangay(Mobod) and 9 from Far barangay(4-Langcangan Upper, Talic, Bolibol, San Vicente Bajo, Talairon, Lamac Lower)</span></p>\r\n<p style=\"margin: 0in; margin-bottom: .0001pt; line-height: 19.5pt;\"><strong style=\"mso-bidi-font-weight: normal;\"><span style=\"font-size: 11.5pt; font-family: \'Arial\',sans-serif; color: #444444;\">Percentage of SKILLED WORKERS</span></strong><span style=\"font-size: 11.5pt; font-family: \'Arial\',sans-serif; color: #444444;\">-100%, LHUSW-5 from Far barangay&nbsp; &nbsp; &nbsp; (2-Talairon, Bolibol, San Vicente Bajo, Langcangan Upper)</span></p>\r\n<p style=\"margin: 0in; margin-bottom: .0001pt; line-height: 19.5pt;\"><strong style=\"mso-bidi-font-weight: normal;\"><span style=\"font-size: 11.5pt; font-family: \'Arial\',sans-serif; color: red;\">COMPLIANT</span></strong><span style=\"font-size: 11.5pt; font-family: \'Arial\',sans-serif; color: #444444;\">-based on Labor Localization Ordinance</span></p>\r\n<p style=\"margin: 0in; margin-bottom: .0001pt; line-height: 19.5pt;\">&nbsp;</p>\r\n<p class=\"MsoNormal\" style=\"margin-bottom: .0001pt; line-height: 19.5pt; background: white;\"><strong><span style=\"font-size: 11.5pt; font-family: \'Arial\',sans-serif; mso-fareast-font-family: \'Times New Roman\'; color: red;\">&nbsp;</span></strong></p>','updated','2023-07-28 14:42:53',NULL),(98,12,'211','2023-07-25 16:01:42',2,6,0,65,'2023-07-21 13:30:00',0,0,0,0,'','completed','2023-07-31 15:12:43','<p style=\"margin: 0in; margin-bottom: .0001pt; line-height: 19.5pt;\"><strong style=\"mso-bidi-font-weight: normal;\"><span style=\"font-size: 11.5pt; font-family: \'Arial\',sans-serif; color: #444444;\">PROJECT TITLE: </span></strong><span style=\"font-size: 11.5pt; font-family: \'Arial\',sans-serif; color: #444444;\">Construction of 2 Storey Department of Environment &amp; Natural Resources Office Building</span></p>\r\n<p style=\"margin: 0in; margin-bottom: .0001pt; line-height: 19.5pt;\"><strong style=\"mso-bidi-font-weight: normal;\"><span style=\"font-size: 11.5pt; font-family: \'Arial\',sans-serif; color: #444444;\">CONTRACTOR: </span></strong><span style=\"font-size: 11.5pt; font-family: \'Arial\',sans-serif; color: #444444;\">3R\'s Builders &amp; Resources</span></p>\r\n<p style=\"margin: 0in; margin-bottom: .0001pt; line-height: 19.5pt;\"><strong style=\"mso-bidi-font-weight: normal;\"><span style=\"font-size: 11.5pt; font-family: \'Arial\',sans-serif; color: #444444;\">PROJECT LOCATION:</span></strong><span style=\"font-size: 11.5pt; font-family: \'Arial\',sans-serif; color: #444444;\">&nbsp;Lamac Lower, Oroquieta City</span></p>\r\n<p style=\"margin: 0in; margin-bottom: .0001pt; line-height: 19.5pt;\"><strong style=\"mso-bidi-font-weight: normal;\"><span style=\"font-size: 11.5pt; font-family: \'Arial\',sans-serif; color: #444444;\">PROJECT NATURE:</span></strong><span style=\"font-size: 11.5pt; font-family: \'Arial\',sans-serif; color: #444444;\"> <span style=\"mso-spacerun: yes;\">&nbsp;Other NGA&nbsp;</span>Implemented, DENR</span></p>\r\n<p style=\"margin: 0in; margin-bottom: .0001pt; line-height: 19.5pt;\"><strong style=\"mso-bidi-font-weight: normal;\"><span style=\"font-size: 11.5pt; font-family: \'Arial\',sans-serif; color: #444444;\">PROJECT COST:</span></strong><span style=\"font-size: 11.5pt; font-family: \'Arial\',sans-serif; color: #444444;\"> Php 3,789,332.36</span></p>\r\n<p style=\"margin: 0in; margin-bottom: .0001pt; line-height: 19.5pt;\"><strong style=\"mso-bidi-font-weight: normal;\"><span style=\"font-size: 11.5pt; font-family: \'Arial\',sans-serif; color: #444444;\">DATE STARTED:</span></strong><span style=\"font-size: 11.5pt; font-family: \'Arial\',sans-serif; color: #444444;\">&nbsp;May 25, 2023</span></p>\r\n<p style=\"margin: 0in; margin-bottom: .0001pt; line-height: 19.5pt;\"><strong style=\"mso-bidi-font-weight: normal;\"><span style=\"font-size: 11.5pt; font-family: \'Arial\',sans-serif; color: #444444;\">DATE OF MONITORING:</span></strong><span style=\"font-size: 11.5pt; font-family: \'Arial\',sans-serif; color: #444444;\">&nbsp;July 21, 2023</span></p>\r\n<p style=\"margin: 0in; margin-bottom: .0001pt; line-height: 19.5pt;\"><strong style=\"mso-bidi-font-weight: normal;\"><span style=\"font-size: 11.5pt; font-family: \'Arial\',sans-serif; color: #444444;\">SPECIFIC ACTIVITY: </span></strong><span style=\"font-size: 11.5pt; font-family: \'Arial\',sans-serif; color: #444444;\">iron rod reinforcement on beam and column at 2nd floor</span></p>\r\n<p style=\"margin: 0in; margin-bottom: .0001pt; line-height: 19.5pt;\"><strong style=\"mso-bidi-font-weight: normal;\"><span style=\"font-size: 11.5pt; font-family: \'Arial\',sans-serif; color: #444444;\">Percentage of SKILLED WORKERS</span></strong><span style=\"font-size: 11.5pt; font-family: \'Arial\',sans-serif; color: #444444;\">-0%, No LHSW</span></p>\r\n<p style=\"margin: 0in; margin-bottom: .0001pt; line-height: 19.5pt;\"><strong style=\"mso-bidi-font-weight: normal;\"><span style=\"font-size: 11.5pt; font-family: \'Arial\',sans-serif; color: #444444;\">Percentage of SKILLED WORKERS</span></strong><span style=\"font-size: 11.5pt; font-family: \'Arial\',sans-serif; color: #444444;\">-%, No LHUSW</span></p>\r\n<p style=\"margin: 0in; margin-bottom: .0001pt; line-height: 19.5pt;\"><span style=\"font-size: 11.5pt; font-family: \'Arial\',sans-serif; color: #444444;\">All workers hired are from Outside Oroquieta and recommended by the contractor</span></p>\r\n<p style=\"margin: 0in; margin-bottom: .0001pt; line-height: 19.5pt;\"><strong><span style=\"font-size: 11.5pt; font-family: \'Arial\',sans-serif; color: red;\">NON COMPLIANT-</span></strong><span style=\"font-size: 11.5pt; font-family: \'Arial\',sans-serif; color: #444444;\">-based on Labor Localization Ordinance</span></p>\r\n<p class=\"MsoNormal\" style=\"margin-bottom: .0001pt; line-height: 19.5pt; background: white;\"><strong><span style=\"font-size: 11.5pt; font-family: \'Arial\',sans-serif; mso-fareast-font-family: \'Times New Roman\'; color: red;\">&nbsp;</span></strong></p>','updated','2023-07-28 14:41:36',NULL),(99,12,'212','2023-07-25 16:03:00',2,6,0,65,'2023-07-21 14:30:00',0,0,0,0,'','completed','2023-07-31 15:13:57','<p style=\"margin: 0in; margin-bottom: .0001pt; line-height: 19.5pt;\"><strong style=\"mso-bidi-font-weight: normal;\"><span style=\"font-size: 11.5pt; font-family: \'Arial\',sans-serif; color: #444444;\">PROJECT TITLE: </span></strong><span style=\"font-size: 11.5pt; font-family: \'Arial\',sans-serif; color: #444444;\">Renovation &amp; Extension of Fiscal Office</span></p>\r\n<p style=\"margin: 0in; margin-bottom: .0001pt; line-height: 19.5pt;\"><strong style=\"mso-bidi-font-weight: normal;\"><span style=\"font-size: 11.5pt; font-family: \'Arial\',sans-serif; color: #444444;\">CONTRACTOR: </span></strong><span style=\"font-size: 11.5pt; font-family: \'Arial\',sans-serif; color: #444444;\">3R\'s Builders &amp; Resources</span></p>\r\n<p style=\"margin: 0in; margin-bottom: .0001pt; line-height: 19.5pt;\"><strong style=\"mso-bidi-font-weight: normal;\"><span style=\"font-size: 11.5pt; font-family: \'Arial\',sans-serif; color: #444444;\">PROJECT LOCATION:</span></strong><span style=\"font-size: 11.5pt; font-family: \'Arial\',sans-serif; color: #444444;\">&nbsp;Langcangan Upper, Oroquieta City</span></p>\r\n<p style=\"margin: 0in; margin-bottom: .0001pt; line-height: 19.5pt;\"><strong style=\"mso-bidi-font-weight: normal;\"><span style=\"font-size: 11.5pt; font-family: \'Arial\',sans-serif; color: #444444;\">PROJECT NATURE:</span></strong><span style=\"font-size: 11.5pt; font-family: \'Arial\',sans-serif; color: #444444;\">&nbsp;Other NGA Implemented, PEO</span></p>\r\n<p style=\"margin: 0in; margin-bottom: .0001pt; line-height: 19.5pt;\"><strong style=\"mso-bidi-font-weight: normal;\"><span style=\"font-size: 11.5pt; font-family: \'Arial\',sans-serif; color: #444444;\">PROJECT COST:</span></strong><span style=\"font-size: 11.5pt; font-family: \'Arial\',sans-serif; color: #444444;\"> Php 2,373,884.47</span></p>\r\n<p style=\"margin: 0in; margin-bottom: .0001pt; line-height: 19.5pt;\"><strong style=\"mso-bidi-font-weight: normal;\"><span style=\"font-size: 11.5pt; font-family: \'Arial\',sans-serif; color: #444444;\">DATE STARTED:</span></strong><span style=\"font-size: 11.5pt; font-family: \'Arial\',sans-serif; color: #444444;\">&nbsp;May 25, 2023</span></p>\r\n<p style=\"margin: 0in; margin-bottom: .0001pt; line-height: 19.5pt;\"><strong style=\"mso-bidi-font-weight: normal;\"><span style=\"font-size: 11.5pt; font-family: \'Arial\',sans-serif; color: #444444;\">DATE OF MONITORING:</span></strong><span style=\"font-size: 11.5pt; font-family: \'Arial\',sans-serif; color: #444444;\">&nbsp;July 21, 2023</span></p>\r\n<p style=\"margin: 0in; margin-bottom: .0001pt; line-height: 19.5pt;\"><strong style=\"mso-bidi-font-weight: normal;\"><span style=\"font-size: 11.5pt; font-family: \'Arial\',sans-serif; color: #444444;\">SPECIFIC ACTIVITY: </span></strong><span style=\"font-size: 11.5pt; font-family: \'Arial\',sans-serif; color: #444444;\">excavation of footing</span></p>\r\n<p style=\"margin: 0in; margin-bottom: .0001pt; line-height: 19.5pt;\"><strong style=\"mso-bidi-font-weight: normal;\"><span style=\"font-size: 11.5pt; font-family: \'Arial\',sans-serif; color: #444444;\">Percentage of SKILLED WORKERS</span></strong><span style=\"font-size: 11.5pt; font-family: \'Arial\',sans-serif; color: #444444;\">-0%,&nbsp;No LHSW</span></p>\r\n<p style=\"margin: 0in; margin-bottom: .0001pt; line-height: 19.5pt;\"><strong style=\"mso-bidi-font-weight: normal;\"><span style=\"font-size: 11.5pt; font-family: \'Arial\',sans-serif; color: #444444;\">Percentage of SKILLED WORKERS</span></strong><span style=\"font-size: 11.5pt; font-family: \'Arial\',sans-serif; color: #444444;\">-%, No LHUSW</span></p>\r\n<p style=\"margin: 0in; margin-bottom: .0001pt; line-height: 19.5pt;\"><span style=\"font-size: 11.5pt; font-family: \'Arial\',sans-serif; color: #444444;\">All workers hired are from Outside Oroquieta and recommended by the contractor</span></p>\r\n<p style=\"margin: 0in; margin-bottom: .0001pt; line-height: 19.5pt;\"><strong><span style=\"font-size: 11.5pt; font-family: \'Arial\',sans-serif; color: red;\">NON COMPLIANT-</span></strong><span style=\"font-size: 11.5pt; font-family: \'Arial\',sans-serif; color: #444444;\">-based on Labor Localization Ordinance</span></p>\r\n<p class=\"MsoNormal\" style=\"margin-bottom: .0001pt; line-height: 19.5pt; background: white;\"><strong><span style=\"font-size: 11.5pt; font-family: \'Arial\',sans-serif; mso-fareast-font-family: \'Times New Roman\'; color: red;\">&nbsp;</span></strong></p>','updated','2023-07-28 14:40:28',NULL),(100,12,'213','2023-07-25 16:04:40',2,8,0,68,'2023-07-25 21:30:00',0,0,0,0,'','completed','2023-07-31 15:14:45','<p class=\"MsoNormal\" style=\"margin-bottom: .0001pt; line-height: 19.5pt;\"><strong><span style=\"font-size: 11.5pt; font-family: \'Arial\',sans-serif; mso-fareast-font-family: \'Times New Roman\'; color: #444444;\">PROJECT TITLE: </span></strong><span style=\"font-size: 11.5pt; font-family: \'Arial\',sans-serif; mso-fareast-font-family: \'Times New Roman\'; color: #444444;\">Construction of Two (2) Storey Department of Environment and Natural Resources (DENR) Office Building</span></p>\r\n<p class=\"MsoNormal\" style=\"margin-bottom: .0001pt; line-height: 19.5pt;\"><strong><span style=\"font-size: 11.5pt; font-family: \'Arial\',sans-serif; mso-fareast-font-family: \'Times New Roman\'; color: #444444;\">CONTRACTOR: </span></strong><span style=\"font-size: 11.5pt; font-family: \'Arial\',sans-serif; mso-fareast-font-family: \'Times New Roman\'; color: #444444;\">3R\'s Builders &amp; Resources</span></p>\r\n<p class=\"MsoNormal\" style=\"margin-bottom: .0001pt; line-height: 19.5pt;\"><strong><span style=\"font-size: 11.5pt; font-family: \'Arial\',sans-serif; mso-fareast-font-family: \'Times New Roman\'; color: #444444;\">PROJECT LOCATION:</span></strong><span style=\"font-size: 11.5pt; font-family: \'Arial\',sans-serif; mso-fareast-font-family: \'Times New Roman\'; color: #444444;\"> Lamac Lower</span><span style=\"font-size: 11.5pt; font-family: \'Arial\',sans-serif; mso-fareast-font-family: \'Times New Roman\'; color: #444444;\">, Oroquieta City</span></p>\r\n<p class=\"MsoNormal\" style=\"margin-bottom: .0001pt; line-height: 19.5pt;\"><strong><span style=\"font-size: 11.5pt; font-family: \'Arial\',sans-serif; mso-fareast-font-family: \'Times New Roman\'; color: #444444;\">PROJECT NATURE: </span></strong><span style=\"font-size: 11.5pt; font-family: \'Arial\',sans-serif; mso-fareast-font-family: \'Times New Roman\'; color: #444444;\">Other NGA Implemented, DENR</span></p>\r\n<p class=\"MsoNormal\" style=\"margin-bottom: .0001pt; line-height: 19.5pt;\"><strong><span style=\"font-size: 11.5pt; font-family: \'Arial\',sans-serif; mso-fareast-font-family: \'Times New Roman\'; color: #444444;\">PROJECT COST:&nbsp;</span></strong><span style=\"font-size: 11.5pt; font-family: \'Arial\',sans-serif; mso-fareast-font-family: \'Times New Roman\'; color: #444444;\">Php 3,789,332.36</span></p>\r\n<p class=\"MsoNormal\" style=\"margin-bottom: .0001pt; line-height: 19.5pt;\"><strong><span style=\"font-size: 11.5pt; font-family: \'Arial\',sans-serif; mso-fareast-font-family: \'Times New Roman\'; color: #444444;\">DATE STARTED: </span></strong><span style=\"font-size: 11.5pt; font-family: \'Arial\',sans-serif; mso-fareast-font-family: \'Times New Roman\'; color: #444444;\">May 25</span><span style=\"font-size: 11.5pt; font-family: \'Arial\',sans-serif; mso-fareast-font-family: \'Times New Roman\'; color: #444444;\">,2023</span></p>\r\n<p class=\"MsoNormal\" style=\"margin-bottom: .0001pt; line-height: 19.5pt;\"><strong><span style=\"font-size: 11.5pt; font-family: \'Arial\',sans-serif; mso-fareast-font-family: \'Times New Roman\'; color: #444444;\">DATE OF MONITORING/INSPECTION:&nbsp;</span></strong><span style=\"font-size: 11.5pt; font-family: \'Arial\',sans-serif; mso-fareast-font-family: \'Times New Roman\'; color: #444444;\">July 25, 2023</span></p>\r\n<p class=\"MsoNormal\" style=\"mso-margin-top-alt: auto; margin-bottom: .0001pt; line-height: 19.5pt; background: white;\"><strong><span style=\"font-size: 11.5pt; font-family: \'Arial\',sans-serif; mso-fareast-font-family: \'Times New Roman\'; color: #444444;\">INSPECTION REMARKS:&nbsp;</span></strong><span style=\"font-size: 11.5pt; font-family: \'Arial\',sans-serif; mso-fareast-font-family: \'Times New Roman\'; color: #444444;\">visited the project site, checked the Locals SW/USW hired by the contractor from the previous Whip Placement Form(no hired locals,all are from outside Oroquieta)</span></p>\r\n<p class=\"MsoNormal\" style=\"margin-bottom: .0001pt; line-height: 19.5pt; background: white;\"><strong><span style=\"font-size: 11.5pt; font-family: \'Arial\',sans-serif; mso-fareast-font-family: \'Times New Roman\'; color: red;\">NON COMPLIANT</span></strong></p>\r\n<p class=\"MsoNormal\" style=\"margin-bottom: .0001pt; line-height: 19.5pt; background: white;\"><strong><span style=\"font-size: 11.5pt; font-family: \'Arial\',sans-serif; mso-fareast-font-family: \'Times New Roman\'; color: red;\">&nbsp;</span></strong></p>','updated','2023-07-28 12:00:28',NULL),(101,12,'214','2023-07-25 16:06:17',2,6,0,65,'2023-07-25 10:30:00',0,0,0,0,'','pending',NULL,'','updated','2023-07-28 14:38:07',NULL),(102,19,'215','2023-07-28 09:04:16',1,4,0,111,'2023-07-26 13:30:00',92,1,0,0,'','completed','2023-07-31 14:59:13','<p>* Ilang UCPB account na freeze tungod sa dugay na wala nila na depositoan din wala pod nila na follow-up.</p>\r\n<p>* kada members sa association nag buhi/alima sa baboy.</p>\r\n<p>* Nag ask sila ug enhancement sa ilang livelihood project. Ang project title nila is Enhancement for Swine Raising and or/ Raising Native Chicken (500,000.00)</p>','updated','2023-07-28 09:15:41',NULL),(103,12,'216','2023-07-28 09:49:18',2,6,0,65,'2023-07-26 15:00:00',0,0,0,0,'','completed','2023-07-31 15:15:29','<p style=\"margin: 0in; margin-bottom: .0001pt; line-height: 19.5pt;\"><strong style=\"mso-bidi-font-weight: normal;\"><span style=\"font-size: 11.5pt; font-family: \'Arial\',sans-serif; color: #444444;\">PROJECT TITLE: </span></strong><span style=\"font-size: 11.5pt; font-family: \'Arial\',sans-serif; color: #444444;\">Concreting of G. H. Del Pilar Street</span></p>\r\n<p style=\"margin: 0in; margin-bottom: .0001pt; line-height: 19.5pt;\"><strong style=\"mso-bidi-font-weight: normal;\"><span style=\"font-size: 11.5pt; font-family: \'Arial\',sans-serif; color: #444444;\">CONTRACTOR: </span></strong><span style=\"font-size: 11.5pt; font-family: \'Arial\',sans-serif; color: #444444;\">DDS Builders</span></p>\r\n<p style=\"margin: 0in; margin-bottom: .0001pt; line-height: 19.5pt;\"><strong style=\"mso-bidi-font-weight: normal;\"><span style=\"font-size: 11.5pt; font-family: \'Arial\',sans-serif; color: #444444;\">PROJECT LOCATION:</span></strong><span style=\"font-size: 11.5pt; font-family: \'Arial\',sans-serif; color: #444444;\">&nbsp;Lamac Upper, Oroquieta City</span></p>\r\n<p style=\"margin: 0in; margin-bottom: .0001pt; line-height: 19.5pt;\"><strong style=\"mso-bidi-font-weight: normal;\"><span style=\"font-size: 11.5pt; font-family: \'Arial\',sans-serif; color: #444444;\">PROJECT NATURE:</span></strong><span style=\"font-size: 11.5pt; font-family: \'Arial\',sans-serif; color: #444444;\">&nbsp;LGU Funded &amp;<span style=\"mso-spacerun: yes;\">&nbsp;</span>Implemented</span></p>\r\n<p style=\"margin: 0in; margin-bottom: .0001pt; line-height: 19.5pt;\"><strong style=\"mso-bidi-font-weight: normal;\"><span style=\"font-size: 11.5pt; font-family: \'Arial\',sans-serif; color: #444444;\">PROJECT COST:</span></strong><span style=\"font-size: 11.5pt; font-family: \'Arial\',sans-serif; color: #444444;\"> Php 1,875,640.00</span></p>\r\n<p style=\"margin: 0in; margin-bottom: .0001pt; line-height: 19.5pt;\"><strong style=\"mso-bidi-font-weight: normal;\"><span style=\"font-size: 11.5pt; font-family: \'Arial\',sans-serif; color: #444444;\">DATE STARTED:</span></strong><span style=\"font-size: 11.5pt; font-family: \'Arial\',sans-serif; color: #444444;\">&nbsp;May 22, 2023</span></p>\r\n<p style=\"margin: 0in; margin-bottom: .0001pt; line-height: 19.5pt;\"><strong style=\"mso-bidi-font-weight: normal;\"><span style=\"font-size: 11.5pt; font-family: \'Arial\',sans-serif; color: #444444;\">DATE OF MONITORING:</span></strong><span style=\"font-size: 11.5pt; font-family: \'Arial\',sans-serif; color: #444444;\">&nbsp;July 26, 2023</span></p>\r\n<p style=\"margin: 0in; margin-bottom: .0001pt; line-height: 19.5pt;\"><strong style=\"mso-bidi-font-weight: normal;\"><span style=\"font-size: 11.5pt; font-family: \'Arial\',sans-serif; color: #444444;\">SPECIFIC ACTIVITY: </span></strong><span style=\"font-size: 11.5pt; font-family: \'Arial\',sans-serif; color: #444444;\">road shouldering</span></p>\r\n<p style=\"margin: 0in; margin-bottom: .0001pt; line-height: 19.5pt;\"><strong style=\"mso-bidi-font-weight: normal;\"><span style=\"font-size: 11.5pt; font-family: \'Arial\',sans-serif; color: #444444;\">Percentage of SKILLED WORKERS</span></strong><span style=\"font-size: 11.5pt; font-family: \'Arial\',sans-serif; color: #444444;\">-100%, LHSW-1 from Within Project barangay(Lamac Upper) and 1 from Far barangay(Villaflor)</span></p>\r\n<p style=\"margin: 0in; margin-bottom: .0001pt; line-height: 19.5pt;\"><strong style=\"mso-bidi-font-weight: normal;\"><span style=\"font-size: 11.5pt; font-family: \'Arial\',sans-serif; color: #444444;\">Percentage of SKILLED WORKERS</span></strong><span style=\"font-size: 11.5pt; font-family: \'Arial\',sans-serif; color: #444444;\">-100%, LHUSW-1 from Far barangay(Bolibol)</span></p>\r\n<p style=\"margin: 0in; margin-bottom: .0001pt; line-height: 19.5pt;\"><strong style=\"mso-bidi-font-weight: normal;\"><span style=\"font-size: 11.5pt; font-family: \'Arial\',sans-serif; color: red;\">COMPLIANT</span></strong><span style=\"font-size: 11.5pt; font-family: \'Arial\',sans-serif; color: #444444;\">-based on Labor Localization Ordinance</span></p>\r\n<p style=\"margin: 0in; margin-bottom: .0001pt; line-height: 19.5pt;\">&nbsp;</p>','updated','2023-07-28 10:04:06',NULL),(104,18,'217','2023-07-28 14:27:46',0,4,0,0,'2023-07-27 10:00:00',146,1,0,0,'','completed','2023-07-31 15:16:49','<p>Issue &amp; concern:&nbsp;</p>\r\n<p>&nbsp; &nbsp; &nbsp; &nbsp; Wala pa sila ka meeting kay ang uban member na busy ug dili mutambong ky tungod naa silay utang sa association.</p>','updated','2023-07-28 14:35:53',NULL),(105,19,'218','2023-07-31 12:00:51',1,1,0,112,'2023-07-28 09:00:00',6,0,0,1,'','completed','2023-07-31 14:59:34','','updated','2023-07-31 12:51:13',NULL),(106,19,'219','2023-07-31 12:01:35',1,4,0,111,'2023-07-28 09:00:00',6,1,0,0,'','completed','2023-07-31 15:00:17','<p>* EMERGENCY LOAN *</p>\r\n<p>6,025.00 - total collection</p>\r\n<p>4,500.00 - na release nga loan(5 members)</p>\r\n<p>1,525.00 - COH</p>\r\n<p>114,000.00 - Revolving Money sa Emergency Loan</p>\r\n<p>* RICE TRADING *&nbsp;</p>\r\n<p>April 2023 - 109,390.00 last report sa treasurer</p>\r\n<p>May 2023 - 19 half sacks rice na release</p>\r\n<p>&nbsp; &nbsp; &nbsp; &nbsp; &nbsp; &nbsp; &nbsp; &nbsp;- 2,850.00 ginansya</p>\r\n<p>June 2023 - 22 half sacks rice n release</p>\r\n<p>&nbsp; &nbsp; &nbsp; &nbsp; &nbsp; &nbsp; &nbsp; &nbsp; - 3,150.00 ginansya</p>\r\n<p>July 2023 - 21 half sack rice na release</p>\r\n<p>&nbsp; &nbsp; &nbsp; &nbsp; &nbsp; &nbsp; &nbsp; &nbsp;- 3,350.00 ginansya</p>\r\n<p>118,690.00 - revolving money</p>\r\n<p>* REGULAR LOAN *</p>\r\n<p>44,205.00 - Total collection</p>\r\n<p>13,254.00 - Collection last month</p>\r\n<p>51,000.00 - Total release sa regular loan</p>\r\n<p>8,434.00 - COH</p>\r\n<p>&nbsp;</p>','updated','2023-07-31 13:06:04',NULL),(107,18,'220','2023-07-31 15:45:32',1,4,0,112,'2023-07-28 20:00:00',96,1,0,0,'','completed','2023-07-31 16:03:56','','updated','2023-07-31 15:53:27',NULL),(108,18,'221','2023-07-31 15:49:29',1,1,0,112,'2023-07-28 08:00:00',96,0,0,1,'','completed','2023-07-31 16:02:15','<p>Agenda:&nbsp;</p>\r\n<p>&nbsp; &nbsp; &nbsp; &nbsp; &nbsp;* Financial Report</p>\r\n<p>&nbsp; &nbsp; &nbsp; &nbsp; &nbsp; * Meeting with new applicant of plaza vendors</p>\r\n<p>&nbsp; &nbsp; &nbsp; &nbsp; &nbsp; * Violation</p>','updated','2023-07-31 15:52:54',NULL);
/*!40000 ALTER TABLE `transactions` ENABLE KEYS */;
UNLOCK TABLES;
COMMIT;

-- Dumped table `transactions` with 97 row(s)
--

--
-- Table structure for table `type_of_activities`
--

/*!40101 SET @saved_cs_client     = @@character_set_client */;
/*!40101 SET character_set_client = utf8 */;
CREATE TABLE `type_of_activities` (
  `type_of_activity_id` int(50) unsigned NOT NULL AUTO_INCREMENT,
  `type_of_activity_name` varchar(150) NOT NULL,
  `type_act_created` datetime NOT NULL,
  PRIMARY KEY (`type_of_activity_id`)
) ENGINE=InnoDB AUTO_INCREMENT=11 DEFAULT CHARSET=utf8;
/*!40101 SET character_set_client = @saved_cs_client */;

--
-- Dumping data for table `type_of_activities`
--

LOCK TABLES `type_of_activities` WRITE;
/*!40000 ALTER TABLE `type_of_activities` DISABLE KEYS */;
SET autocommit=0;
INSERT INTO `type_of_activities` VALUES (1,'Regular Monthly Meeting','2023-04-27 23:11:32'),(2,'Regular Monthly Coop Visit','2023-04-27 23:11:53'),(3,'Job Vacancy Solicitation','2023-04-27 23:12:04'),(4,'Regular Monthly Project Monitoring','2023-04-27 23:12:25'),(5,'Training','2023-04-27 23:12:31'),(6,'Other Activity','2023-05-09 13:42:59'),(7,'Local Recruitment Activity','2023-05-09 13:57:10'),(8,'Inspection','2023-05-10 09:50:37'),(9,'Pre-construction Meeting','2023-05-10 09:51:26'),(10,'Livelihood Assistance Grant (LAG) Monitoring','2023-05-10 12:46:27');
/*!40000 ALTER TABLE `type_of_activities` ENABLE KEYS */;
UNLOCK TABLES;
COMMIT;

-- Dumped table `type_of_activities` with 10 row(s)
--

--
-- Table structure for table `type_of_request`
--

/*!40101 SET @saved_cs_client     = @@character_set_client */;
/*!40101 SET character_set_client = utf8 */;
CREATE TABLE `type_of_request` (
  `type_of_request_id` int(20) NOT NULL AUTO_INCREMENT,
  `type_of_request_name` varchar(150) NOT NULL,
  `type_of_request_created` datetime NOT NULL,
  PRIMARY KEY (`type_of_request_id`)
) ENGINE=InnoDB AUTO_INCREMENT=22 DEFAULT CHARSET=utf8mb4;
/*!40101 SET character_set_client = @saved_cs_client */;

--
-- Dumping data for table `type_of_request`
--

LOCK TABLES `type_of_request` WRITE;
/*!40000 ALTER TABLE `type_of_request` DISABLE KEYS */;
SET autocommit=0;
INSERT INTO `type_of_request` VALUES (4,'Employement Referral','2023-05-02 22:22:29'),(5,'Skills Training','2023-05-02 22:23:41'),(6,'on-line services','2023-05-02 22:23:50'),(7,'registration','2023-05-02 22:23:56'),(8,'accreditation','2023-05-02 22:24:12'),(9,'annual report preparation','2023-05-02 22:24:24'),(10,'OWWA Scholarship - ODSP/EDSP','2023-05-02 22:24:34'),(11,'OWWA Benefits','2023-05-02 22:25:35'),(12,'OWWA Welfare Case','2023-05-02 22:25:56'),(13,'inquiry','2023-05-02 22:26:08'),(14,'application letter and resume-making','2023-05-02 22:26:21'),(15,'re-integration program for OFW\'s','2023-05-02 22:26:52'),(16,'free clearance for 1st-time jobseekers','2023-05-02 22:27:16'),(17,'Labor Market Information(LMI)','2023-05-02 22:27:31'),(18,'Livelihood','2023-05-02 22:27:35'),(19,'Job Vacancy for Posting','2023-05-02 22:27:48'),(20,'Payroll Processing','2023-05-17 16:46:48'),(21,'Certification','2023-06-08 15:12:59');
/*!40000 ALTER TABLE `type_of_request` ENABLE KEYS */;
UNLOCK TABLES;
COMMIT;

-- Dumped table `type_of_request` with 18 row(s)
--

--
-- Table structure for table `under_type_of_activity`
--

/*!40101 SET @saved_cs_client     = @@character_set_client */;
/*!40101 SET character_set_client = utf8 */;
CREATE TABLE `under_type_of_activity` (
  `under_type_act_id` int(50) unsigned NOT NULL AUTO_INCREMENT,
  `typ_ac_id` int(50) NOT NULL,
  `under_type_act_name` varchar(150) NOT NULL,
  `under_type_act_created` datetime NOT NULL,
  PRIMARY KEY (`under_type_act_id`)
) ENGINE=InnoDB AUTO_INCREMENT=6 DEFAULT CHARSET=utf8;
/*!40101 SET character_set_client = @saved_cs_client */;

--
-- Dumping data for table `under_type_of_activity`
--

LOCK TABLES `under_type_of_activity` WRITE;
/*!40000 ALTER TABLE `under_type_of_activity` DISABLE KEYS */;
SET autocommit=0;
INSERT INTO `under_type_of_activity` VALUES (1,5,'SKL','2023-04-27 23:12:41'),(2,5,'MDT','2023-04-27 23:12:45'),(3,5,'CD','2023-04-27 23:12:48'),(4,5,'PRS','2023-04-27 23:12:51');
/*!40000 ALTER TABLE `under_type_of_activity` ENABLE KEYS */;
UNLOCK TABLES;
COMMIT;

-- Dumped table `under_type_of_activity` with 4 row(s)
--

--
-- Table structure for table `users`
--

/*!40101 SET @saved_cs_client     = @@character_set_client */;
/*!40101 SET character_set_client = utf8 */;
CREATE TABLE `users` (
  `user_id` int(50) unsigned NOT NULL AUTO_INCREMENT,
  `first_name` varchar(50) NOT NULL,
  `middle_name` varchar(50) DEFAULT NULL,
  `last_name` varchar(50) NOT NULL,
  `extension` varchar(10) DEFAULT NULL,
  `contact_number` varchar(15) NOT NULL,
  `address` varchar(150) NOT NULL,
  `email_address` varchar(100) NOT NULL,
  `profile_pic` varchar(50) DEFAULT NULL,
  `user_type` varchar(50) NOT NULL,
  `user_status` enum('active','inactive') NOT NULL DEFAULT 'active',
  `work_status` set('jo','regular') DEFAULT NULL,
  `username` varchar(150) NOT NULL,
  `password` varchar(200) NOT NULL,
  `user_created` datetime NOT NULL,
  PRIMARY KEY (`user_id`)
) ENGINE=InnoDB AUTO_INCREMENT=27 DEFAULT CHARSET=utf8;
/*!40101 SET character_set_client = @saved_cs_client */;

--
-- Dumping data for table `users`
--

LOCK TABLES `users` WRITE;
/*!40000 ALTER TABLE `users` DISABLE KEYS */;
SET autocommit=0;
INSERT INTO `users` VALUES (8,'Mark Anthony','','Artigas','','0905788844','Binuangan','markeeboi1985@gmail.com',NULL,'admin','active',NULL,'markuser','$2y$10$LNjjAwAdQazQMF22UnUCde32RHVohPL3QPjpQ2tJMkH4xswinXPu6','2023-04-06 16:32:32'),(9,'Basil John','C.','Manabo','','0912321321','Lower Rizal','manabobasil@gmail.com',NULL,'user','active',NULL,'basiluser','$2y$10$9/ESqpwWBUnryLu3QtGE5OK3qNrA/nvSTp42sOH650.fNNbeyXYMu','2023-04-07 03:04:02'),(12,'Katlyn Mary','','Daraman','','0963936232','Canubay','daraman.cp',NULL,'user','active','jo','katlyn1388','$2y$10$HU/SEKRHDbELpPI10DLnx.EjP2uh0akDblmg0o1vES9lHPRc47xkC','2023-05-05 05:00:46'),(13,'Judith','P.','Abuhon','','09107324580','Villaflor','abuhon.cpesdoroq@gmail.com',NULL,'user','active','jo','ram_tom','$2y$10$TE3O7GRzGKGl18SRaGV9s.u7BpPN.Fsv/YHAujQXEhROnnfAm1Xbm','2023-05-05 07:01:00'),(14,'Sheila Marie','','Daque','','09516531821','Lower Loboc','daquesheilamarie@gmail.com',NULL,'user','active','jo','Shelayla','$2y$10$Md/bS.rZKXp/HDAuIkoXgOR9iwbLGGli51TY8kGiSJZZ3yyZzZsGe','2023-05-05 07:23:18'),(15,'Cel','Betero','Chua','','0912789660','Talairon','chua.cpesd',NULL,'user','active','jo','Choyerns','$2y$10$InNvidAtcrzChJgWFn6joubY5J2nSFS7aUUlWT3ULls4pmTBBr3l2','2023-05-05 07:25:12'),(16,'WIENGELYN','MILO','IBASAN','','0912367928','Tipan','ibasan.cpesdoroq@gmail.com',NULL,'user','active','jo','Wiengy ','$2y$10$QsoMylmly4nLdJSS318MReBYY1a7wkNKdaGE/g7SsQvt4gJD2sS5O','2023-05-05 07:27:14'),(17,'John Rick','Himpayan','Tac-an','','09618058910','Proper Langcangan','jrtacanambush@gmail.com',NULL,'user','active','jo','John Rick','$2y$10$gtbD6ggrpp8YD4CKOdUkj.PXYN4J2h21Z1hUONiAzi0MzwmsMRIuy','2023-05-05 07:46:38'),(18,'Celrose','O.','Espaol','','09465543788','Mobod','celrose14@gmail.com',NULL,'user','active','jo','CELROSE','$2y$10$GEbJsRNIXgE4JPi3Sg.4YuJXV2J6HRlcrqdkzF3loj7RcTICmqA4q','2023-05-05 08:18:24'),(19,'Judy Mae','Taberao','Catane','','09462326054','Pines','catane.cpesdoroq@gmail.com',NULL,'user','active','jo','judai09','$2y$10$2j8deWGJKg6ftOrTRH43pudfIajE/BBn5n8mbZ2KWTzKK90gIcg1y','2023-05-09 14:24:42'),(20,'Dayanara Mae','Molina','Hipos','','09700746605','Villaflor','hipos.cpesdoroq@gmail.com',NULL,'user','active','jo','Dayanara','$2y$10$Mgt4XlqAHBBUSokzbp1pqeSAoyslqH//3y1TZYwL/i1oOcGo8ST7m','2023-05-09 14:30:58'),(21,'Marilou','Inting','Gumapac ','','09632873186','Binuangan','gumapac.cpesdoroq@gmail.com',NULL,'user','active','regular','MIG101583','$2y$10$Mgt4XlqAHBBUSokzbp1pqeSAoyslqH//3y1TZYwL/i1oOcGo8ST7m','2023-05-10 08:49:43'),(22,'Reymond','Manlod','Tacastacas','','09090821383','Taboc Sur','verzacheboitax@gmail.com',NULL,'user','active','jo','boitacs','$2y$10$3HcPLa8XnlvpYxLpn99Xj.ZLBT5SXnfd4kl3yS3vmaPdVrIK6H05S','2023-05-10 09:26:41'),(23,'Richard','Cariaga ','Liberto ','','09383926364','Canubay','richardliberto11@gmail.com',NULL,'user','active','regular','Jhong ','$2y$10$v83WR45m3GZb9mxaqZxp5O.3Z9l3tdTPCsuU/b0Tlyc5rn5jSvldK','2023-05-10 09:28:27'),(24,'Dennamor','Tangcay','Markinex','','09300334135','Lower Langcangan','markinez.cpesdoroq@gmail.com',NULL,'user','active','jo','amoreezz','$2y$10$lnfNauHJ/hTWRgEXSWw2g.RIGcsvIUwCqft74vSVpnUcUxJjVwY0K','2023-05-12 14:08:34'),(25,'SUNNY','IYOG','LUNA','','09516508095','Canubay','luna.cpesdoroq@gmail.com',NULL,'user','active','jo','PAGONGLUNA','$2y$10$YOt/d5VtXjF7X5lGUkLlDenRvW7TkXBQ3W6z9e9qCt5Rj7xOxCAh6','2023-06-19 13:35:39'),(26,'Cristine Grace','Uba','Masayon','','09124318680','Upper Rizal','uba.cpesdoroq@gmail.com',NULL,'user','active','regular','richlyzoe','$2y$10$XTXpBMzO4Y8Cp3tVOML5lO3.Uy5ZjyVzsDbJr1l5K0FZHlMM0Km1G','2023-07-20 15:48:26');
/*!40000 ALTER TABLE `users` ENABLE KEYS */;
UNLOCK TABLES;
COMMIT;

-- Dumped table `users` with 17 row(s)
--

/*!40103 SET TIME_ZONE=@OLD_TIME_ZONE */;
/*!40101 SET AUTOCOMMIT=@OLD_AUTOCOMMIT */;
/*!40101 SET SQL_MODE=@OLD_SQL_MODE */;
/*!40014 SET FOREIGN_KEY_CHECKS=@OLD_FOREIGN_KEY_CHECKS */;
/*!40014 SET UNIQUE_CHECKS=@OLD_UNIQUE_CHECKS */;
/*!40101 SET CHARACTER_SET_CLIENT=@OLD_CHARACTER_SET_CLIENT */;
/*!40101 SET CHARACTER_SET_RESULTS=@OLD_CHARACTER_SET_RESULTS */;
/*!40101 SET COLLATION_CONNECTION=@OLD_COLLATION_CONNECTION */;
/*!40111 SET SQL_NOTES=@OLD_SQL_NOTES */;

-- Dump completed on: Mon, 07 Aug 2023 08:10:29 +0000
